episode,score,total_reward,epsilon
1.0,1.0,-1.2999999999999972,1.0
2.0,0.0,-11.2,0.998
3.0,0.0,-11.2,0.996004
4.0,0.0,-11.0,0.994011992
5.0,0.0,-11.3,0.992023968016
6.0,0.0,-11.0,0.990039920079968
7.0,1.0,-0.6999999999999993,0.9880598402398081
8.0,0.0,-11.8,0.9860837205593285
9.0,0.0,-10.7,0.9841115531182099
10.0,0.0,-10.5,0.9821433300119734
11.0,0.0,-10.7,0.9801790433519495
12.0,0.0,-10.4,0.9782186852652456
13.0,1.0,-1.399999999999995,0.976262247894715
14.0,0.0,-10.4,0.9743097233989256
15.0,0.0,-10.3,0.9723611039521278
16.0,0.0,-10.6,0.9704163817442236
17.0,0.0,-10.8,0.9684755489807352
18.0,0.0,-10.4,0.9665385978827737
19.0,0.0,-10.4,0.9646055206870082
20.0,0.0,-10.3,0.9626763096456342
21.0,1.0,-0.29999999999999893,0.9607509570263429
22.0,1.0,-0.8999999999999986,0.9588294551122902
23.0,0.0,-10.4,0.9569117962020657
24.0,0.0,-10.3,0.9549979726096616
25.0,0.0,-11.4,0.9530879766644422
26.0,0.0,-10.7,0.9511818007111134
27.0,0.0,-10.5,0.9492794371096911
28.0,0.0,-10.4,0.9473808782354717
29.0,0.0,-10.5,0.9454861164790007
30.0,1.0,-0.5999999999999979,0.9435951442460427
31.0,0.0,-10.8,0.9417079539575507
32.0,0.0,-11.5,0.9398245380496356
33.0,1.0,-0.5999999999999996,0.9379448889735363
34.0,0.0,-11.2,0.9360689991955893
35.0,0.0,-11.6,0.9341968611971981
36.0,0.0,-10.7,0.9323284674748037
37.0,1.0,-0.09999999999999964,0.930463810539854
38.0,1.0,-2.1999999999999993,0.9286028829187744
39.0,0.0,-11.2,0.9267456771529368
40.0,1.0,-1.099999999999996,0.9248921857986309
41.0,0.0,-10.5,0.9230424014270336
42.0,0.0,-10.4,0.9211963166241796
43.0,1.0,-0.5,0.9193539239909312
44.0,1.0,-0.29999999999999893,0.9175152161429493
45.0,0.0,-11.6,0.9156801857106633
46.0,0.0,-10.6,0.913848825339242
47.0,0.0,-10.8,0.9120211276885636
48.0,1.0,-0.5,0.9101970854331864
49.0,1.0,-1.099999999999996,0.9083766912623201
50.0,0.0,-11.4,0.9065599378797955
51.0,0.0,-12.900000000000002,0.9047468180040359
52.0,0.0,-10.3,0.9029373243680279
53.0,1.0,-0.7999999999999989,0.9011314497192918
54.0,0.0,-10.5,0.8993291868198532
55.0,0.0,-11.700000000000001,0.8975305284462135
56.0,0.0,-12.3,0.8957354673893211
57.0,1.0,-0.40000000000000036,0.8939439964545425
58.0,1.0,-0.6999999999999993,0.8921561084616334
59.0,0.0,-10.8,0.8903717962447101
60.0,0.0,-10.4,0.8885910526522206
61.0,1.0,-2.7999999999999936,0.8868138705469162
62.0,1.0,-1.1999999999999957,0.8850402428058224
63.0,0.0,-10.5,0.8832701623202107
64.0,0.0,-10.7,0.8815036219955703
65.0,1.0,-0.9999999999999982,0.8797406147515792
66.0,1.0,-1.299999999999999,0.877981133522076
67.0,0.0,-12.200000000000001,0.8762251712550319
68.0,0.0,-10.7,0.8744727209125218
69.0,0.0,-10.7,0.8727237754706968
70.0,1.0,-1.5999999999999943,0.8709783279197554
71.0,0.0,-10.5,0.8692363712639158
72.0,1.0,-1.0,0.867497898521388
73.0,1.0,-0.7999999999999989,0.8657629027243453
74.0,0.0,-10.7,0.8640313769188966
75.0,0.0,-10.4,0.8623033141650589
76.0,0.0,-10.3,0.8605787075367288
77.0,0.0,-10.5,0.8588575501216553
78.0,2.0,8.700000000000003,0.857139835021412
79.0,1.0,-0.5,0.8554255553513692
80.0,1.0,-0.29999999999999893,0.8537147042406664
81.0,0.0,-11.2,0.8520072748321851
82.0,2.0,9.600000000000001,0.8503032602825207
83.0,0.0,-10.8,0.8486026537619556
84.0,2.0,9.699999999999996,0.8469054484544317
85.0,1.0,-1.3999999999999968,0.8452116375575228
86.0,0.0,-10.4,0.8435212142824078
87.0,1.0,-0.4999999999999982,0.841834171853843
88.0,1.0,-1.1999999999999957,0.8401505035101353
89.0,0.0,-11.4,0.838470202503115
90.0,1.0,-0.29999999999999893,0.8367932620981088
91.0,0.0,-10.6,0.8351196755739125
92.0,0.0,-10.3,0.8334494362227647
93.0,0.0,-10.5,0.8317825373503192
94.0,1.0,-0.4999999999999982,0.8301189722756185
95.0,1.0,-0.6999999999999993,0.8284587343310672
96.0,0.0,-10.8,0.8268018168624051
97.0,0.0,-10.9,0.8251482132286803
98.0,0.0,-11.5,0.823497916802223
99.0,1.0,-0.5,0.8218509209686186
100.0,0.0,-10.6,0.8202072191266814
101.0,0.0,-10.9,0.818566804688428
102.0,0.0,-10.5,0.8169296710790511
103.0,0.0,-11.3,0.815295811736893
104.0,0.0,-10.6,0.8136652201134192
105.0,0.0,-10.7,0.8120378896731923
106.0,0.0,-10.7,0.8104138138938459
107.0,0.0,-10.9,0.8087929862660582
108.0,0.0,-10.6,0.8071754002935261
109.0,2.0,8.599999999999998,0.805561049492939
110.0,3.0,17.899999999999984,0.8039499273939532
111.0,0.0,-10.3,0.8023420275391653
112.0,0.0,-10.6,0.800737343484087
113.0,0.0,-10.5,0.7991358687971188
114.0,4.0,29.099999999999994,0.7975375970595246
115.0,1.0,-0.9999999999999982,0.7959425218654056
116.0,0.0,-10.4,0.7943506368216747
117.0,0.0,-10.4,0.7927619355480314
118.0,0.0,-11.3,0.7911764116769353
119.0,0.0,-10.4,0.7895940588535815
120.0,0.0,-10.4,0.7880148707358743
121.0,0.0,-10.5,0.7864388409944025
122.0,0.0,-11.3,0.7848659633124138
123.0,0.0,-10.4,0.783296231385789
124.0,0.0,-10.3,0.7817296389230174
125.0,0.0,-10.7,0.7801661796451713
126.0,1.0,-0.29999999999999893,0.778605847285881
127.0,0.0,-10.4,0.7770486355913092
128.0,2.0,7.799999999999997,0.7754945383201266
129.0,0.0,-10.4,0.7739435492434863
130.0,1.0,-1.6999999999999957,0.7723956621449993
131.0,1.0,-0.9999999999999982,0.7708508708207094
132.0,0.0,-10.5,0.769309169079068
133.0,2.0,7.4999999999999964,0.7677705507409098
134.0,0.0,-11.3,0.766235009639428
135.0,1.0,-0.8999999999999986,0.7647025396201492
136.0,1.0,-0.40000000000000036,0.763173134540909
137.0,1.0,-0.3999999999999986,0.7616467882718272
138.0,1.0,-0.29999999999999893,0.7601234946952835
139.0,0.0,-10.9,0.7586032477058929
140.0,1.0,-1.0,0.7570860412104812
141.0,0.0,-11.0,0.7555718691280602
142.0,1.0,-0.29999999999999893,0.7540607253898041
143.0,0.0,-10.7,0.7525526039390245
144.0,0.0,-10.5,0.7510474987311464
145.0,0.0,-10.7,0.7495454037336841
146.0,0.0,-11.2,0.7480463129262167
147.0,0.0,-10.9,0.7465502203003642
148.0,0.0,-10.7,0.7450571198597635
149.0,1.0,-0.4999999999999982,0.743567005620044
150.0,2.0,8.600000000000001,0.7420798716088038
151.0,1.0,-1.0,0.7405957118655863
152.0,0.0,-10.4,0.7391145204418551
153.0,0.0,-10.4,0.7376362914009714
154.0,0.0,-10.2,0.7361610188181695
155.0,1.0,-0.8999999999999986,0.7346886967805332
156.0,0.0,-11.4,0.733219319386972
157.0,1.0,-0.3999999999999986,0.7317528807481981
158.0,1.0,-1.9000000000000004,0.7302893749867018
159.0,1.0,-0.3000000000000007,0.7288287962367284
160.0,0.0,-10.6,0.727371138644255
161.0,2.0,7.3999999999999915,0.7259163963669665
162.0,0.0,-11.0,0.7244645635742325
163.0,2.0,9.100000000000001,0.723015634447084
164.0,0.0,-10.7,0.7215696031781899
165.0,3.0,17.1,0.7201264639718334
166.0,0.0,-10.7,0.7186862110438897
167.0,1.0,-1.4999999999999947,0.717248838621802
168.0,2.0,7.59999999999998,0.7158143409445584
169.0,1.0,-0.9000000000000004,0.7143827122626694
170.0,0.0,-10.9,0.7129539468381441
171.0,0.0,-11.8,0.7115280389444678
172.0,1.0,-0.29999999999999893,0.7101049828665789
173.0,1.0,-0.5,0.7086847729008457
174.0,0.0,-10.4,0.707267403355044
175.0,2.0,9.499999999999993,0.705852868548334
176.0,3.0,18.59999999999999,0.7044411628112373
177.0,1.0,-0.5,0.7030322804856147
178.0,1.0,-0.5999999999999996,0.7016262159246435
179.0,1.0,-0.5999999999999996,0.7002229634927942
180.0,0.0,-10.6,0.6988225175658086
181.0,0.0,-11.1,0.697424872530677
182.0,0.0,-11.5,0.6960300227856157
183.0,0.0,-11.8,0.6946379627400444
184.0,1.0,-0.5999999999999996,0.6932486868145643
185.0,0.0,-10.3,0.6918621894409351
186.0,0.0,-10.6,0.6904784650620532
187.0,0.0,-11.5,0.6890975081319292
188.0,3.0,17.599999999999987,0.6877193131156653
189.0,0.0,-10.7,0.6863438744894339
190.0,1.0,-0.8999999999999986,0.684971186740455
191.0,0.0,-10.6,0.6836012443669741
192.0,2.0,9.5,0.6822340418782402
193.0,1.0,-1.299999999999999,0.6808695737944838
194.0,0.0,-10.8,0.6795078346468948
195.0,1.0,-0.40000000000000036,0.678148818977601
196.0,1.0,-0.9999999999999982,0.6767925213396458
197.0,0.0,-11.0,0.6754389362969666
198.0,0.0,-11.0,0.6740880584243727
199.0,0.0,-10.5,0.6727398823075239
200.0,2.0,7.299999999999997,0.6713944025429088
201.0,0.0,-10.8,0.670051613737823
202.0,1.0,-0.3999999999999986,0.6687115105103473
203.0,1.0,-0.3999999999999986,0.6673740874893266
204.0,0.0,-10.9,0.6660393393143479
205.0,1.0,-1.399999999999995,0.6647072606357192
206.0,0.0,-10.7,0.6633778461144477
207.0,1.0,-0.7999999999999989,0.6620510904222189
208.0,1.0,-1.099999999999996,0.6607269882413744
209.0,2.0,6.899999999999974,0.6594055342648917
210.0,1.0,-1.5999999999999979,0.6580867231963619
211.0,6.0,47.09999999999998,0.6567705497499692
212.0,0.0,-10.3,0.6554570086504692
213.0,2.0,8.099999999999987,0.6541460946331682
214.0,0.0,-10.9,0.6528378024439019
215.0,0.0,-10.5,0.6515321268390141
216.0,0.0,-10.3,0.6502290625853361
217.0,2.0,9.5,0.6489286044601654
218.0,3.0,19.09999999999999,0.6476307472512451
219.0,0.0,-10.5,0.6463354857567426
220.0,1.0,-0.5999999999999979,0.6450428147852291
221.0,1.0,-0.6999999999999993,0.6437527291556586
222.0,0.0,-10.4,0.6424652236973473
223.0,0.0,-10.5,0.6411802932499525
224.0,0.0,-10.9,0.6398979326634526
225.0,1.0,-1.1999999999999957,0.6386181367981257
226.0,1.0,-0.6999999999999993,0.6373409005245295
227.0,1.0,-0.5,0.6360662187234805
228.0,2.0,9.5,0.6347940862860335
229.0,3.0,19.5,0.6335244981134615
230.0,2.0,8.7,0.6322574491172346
231.0,1.0,-0.9999999999999964,0.6309929342190002
232.0,0.0,-10.3,0.6297309483505622
233.0,0.0,-10.8,0.6284714864538611
234.0,0.0,-10.3,0.6272145434809534
235.0,0.0,-11.1,0.6259601143939915
236.0,0.0,-10.9,0.6247081941652035
237.0,1.0,-0.5999999999999979,0.6234587777768731
238.0,1.0,-1.099999999999996,0.6222118602213194
239.0,1.0,-0.3999999999999986,0.6209674365008767
240.0,1.0,-0.3000000000000007,0.619725501627875
241.0,0.0,-10.5,0.6184860506246193
242.0,0.0,-10.8,0.61724907852337
243.0,0.0,-10.4,0.6160145803663232
244.0,0.0,-10.5,0.6147825512055906
245.0,2.0,7.699999999999989,0.6135529861031793
246.0,2.0,8.7,0.612325880130973
247.0,2.0,8.8,0.611101228370711
248.0,0.0,-11.5,0.6098790259139696
249.0,2.0,9.0,0.6086592678621416
250.0,2.0,8.199999999999996,0.6074419493264174
251.0,0.0,-10.6,0.6062270654277645
252.0,1.0,-1.7999999999999972,0.6050146112969089
253.0,0.0,-10.7,0.6038045820743151
254.0,2.0,8.000000000000007,0.6025969729101665
255.0,0.0,-10.5,0.6013917789643461
256.0,1.0,-0.5999999999999979,0.6001889954064175
257.0,1.0,-0.6999999999999993,0.5989886174156046
258.0,1.0,-1.2999999999999954,0.5977906401807734
259.0,1.0,-1.3999999999999986,0.5965950589004119
260.0,0.0,-11.0,0.595401868782611
261.0,0.0,-10.3,0.5942110650450458
262.0,0.0,-11.4,0.5930226429149558
263.0,1.0,-1.4999999999999947,0.5918365976291259
264.0,1.0,-1.4000000000000004,0.5906529244338676
265.0,0.0,-10.4,0.5894716185849999
266.0,1.0,-0.40000000000000036,0.5882926753478298
267.0,2.0,9.000000000000004,0.5871160899971342
268.0,0.0,-10.5,0.5859418578171399
269.0,1.0,-0.40000000000000036,0.5847699741015057
270.0,1.0,-1.0,0.5836004341533026
271.0,4.0,27.69999999999999,0.5824332332849961
272.0,1.0,-0.4999999999999982,0.5812683668184261
273.0,3.0,16.799999999999972,0.5801058300847892
274.0,1.0,-0.40000000000000036,0.5789456184246197
275.0,1.0,-1.4999999999999964,0.5777877271877704
276.0,0.0,-11.4,0.5766321517333949
277.0,0.0,-10.5,0.5754788874299281
278.0,1.0,-1.7999999999999972,0.5743279296550683
279.0,1.0,-0.6999999999999993,0.5731792737957582
280.0,2.0,8.899999999999988,0.5720329152481667
281.0,0.0,-11.2,0.5708888494176704
282.0,0.0,-10.5,0.569747071718835
283.0,1.0,-1.1999999999999993,0.5686075775753973
284.0,1.0,-2.099999999999996,0.5674703624202465
285.0,2.0,9.5,0.5663354216954061
286.0,1.0,-2.200000000000001,0.5652027508520152
287.0,2.0,9.3,0.5640723453503111
288.0,2.0,8.899999999999999,0.5629442006596105
289.0,0.0,-10.9,0.5618183122582913
290.0,0.0,-11.2,0.5606946756337747
291.0,1.0,-0.6999999999999993,0.5595732862825071
292.0,1.0,-0.5,0.5584541397099421
293.0,0.0,-10.6,0.5573372314305222
294.0,1.0,-1.4999999999999964,0.5562225569676611
295.0,2.0,9.399999999999999,0.5551101118537257
296.0,1.0,-0.3999999999999986,0.5539998916300183
297.0,1.0,-0.3999999999999986,0.5528918918467582
298.0,0.0,-10.3,0.5517861080630647
299.0,1.0,-1.4999999999999947,0.5506825358469386
300.0,2.0,8.099999999999994,0.5495811707752447
301.0,3.0,19.199999999999996,0.5484820084336942
302.0,4.0,28.499999999999986,0.5473850444168268
303.0,2.0,8.799999999999997,0.5462902743279932
304.0,2.0,9.700000000000003,0.5451976937793371
305.0,1.0,-1.6999999999999975,0.5441072983917784
306.0,1.0,-0.5,0.5430190837949949
307.0,0.0,-10.4,0.5419330456274049
308.0,1.0,-0.3000000000000007,0.5408491795361501
309.0,0.0,-10.6,0.5397674811770777
310.0,1.0,-0.40000000000000036,0.5386879462147236
311.0,2.0,8.5,0.5376105703222942
312.0,3.0,17.39999999999999,0.5365353491816496
313.0,2.0,9.199999999999996,0.5354622784832863
314.0,1.0,-0.8999999999999968,0.5343913539263198
315.0,2.0,9.300000000000004,0.5333225712184672
316.0,2.0,8.7,0.5322559260760302
317.0,0.0,-12.0,0.5311914142238782
318.0,1.0,-0.1999999999999993,0.5301290313954304
319.0,1.0,-2.4000000000000004,0.5290687733326396
320.0,1.0,-0.5999999999999979,0.5280106357859743
321.0,1.0,-0.6999999999999975,0.5269546145144024
322.0,0.0,-10.5,0.5259007052853736
323.0,2.0,8.7,0.5248489038748029
324.0,3.0,18.499999999999993,0.5237992060670532
325.0,1.0,-1.399999999999995,0.5227516076549191
326.0,3.0,18.899999999999995,0.5217061044396093
327.0,1.0,-0.1999999999999993,0.52066269223073
328.0,1.0,-0.40000000000000036,0.5196213668462686
329.0,1.0,-0.5,0.5185821241125761
330.0,1.0,-1.599999999999996,0.5175449598643509
331.0,1.0,-1.099999999999996,0.5165098699446222
332.0,5.0,38.199999999999974,0.515476850204733
333.0,1.0,-1.5,0.5144458965043235
334.0,1.0,-1.6999999999999975,0.5134170047113148
335.0,1.0,-1.3999999999999968,0.5123901707018922
336.0,2.0,8.999999999999986,0.5113653903604884
337.0,0.0,-11.0,0.5103426595797674
338.0,2.0,8.399999999999999,0.5093219742606079
339.0,2.0,8.599999999999998,0.5083033303120866
340.0,1.0,-0.6999999999999993,0.5072867236514624
341.0,1.0,-0.8999999999999968,0.5062721502041595
342.0,2.0,8.999999999999993,0.5052596059037512
343.0,1.0,-1.799999999999999,0.5042490866919437
344.0,1.0,-1.099999999999996,0.5032405885185598
345.0,2.0,8.199999999999996,0.5022341073415226
346.0,0.0,-10.6,0.5012296391268396
347.0,0.0,-10.8,0.5002271798485859
348.0,1.0,-0.3000000000000007,0.4992267254888887
349.0,3.0,19.4,0.4982282720379109
350.0,0.0,-10.6,0.4972318154938351
351.0,2.0,8.899999999999991,0.49623735186284745
352.0,1.0,-0.29999999999999893,0.49524487715912174
353.0,1.0,-2.0,0.4942543874048035
354.0,1.0,-0.5,0.4932658786299939
355.0,5.0,36.19999999999995,0.4922793468727339
356.0,3.0,19.19999999999999,0.4912947881789884
357.0,4.0,29.19999999999999,0.4903121986026304
358.0,1.0,-0.5,0.48933157420542517
359.0,2.0,9.200000000000003,0.48835291105701434
360.0,1.0,-0.5,0.48737620523490033
361.0,6.0,48.29999999999998,0.48640145282443054
362.0,1.0,-0.6999999999999993,0.48542864991878165
363.0,0.0,-10.3,0.48445779261894406
364.0,0.0,-11.1,0.4834888770337062
365.0,3.0,18.49999999999999,0.4825218992796388
366.0,2.0,8.400000000000006,0.4815568554810795
367.0,4.0,27.999999999999993,0.4805937417701174
368.0,1.0,-0.1999999999999993,0.47963255428657714
369.0,1.0,-0.1999999999999993,0.478673289178004
370.0,1.0,-0.40000000000000036,0.477715942599648
371.0,3.0,19.0,0.4767605107144487
372.0,1.0,-0.7999999999999972,0.4758069896930198
373.0,4.0,29.4,0.4748553757136338
374.0,0.0,-10.4,0.47390566496220654
375.0,1.0,-0.8999999999999986,0.47295785363228215
376.0,2.0,8.199999999999989,0.4720119379250176
377.0,1.0,-0.5999999999999996,0.4710679140491676
378.0,2.0,7.199999999999992,0.47012577822106927
379.0,0.0,-10.6,0.46918552666462715
380.0,0.0,-10.3,0.46824715561129787
381.0,1.0,-0.9000000000000004,0.46731066130007526
382.0,0.0,-10.4,0.4663760399774751
383.0,2.0,8.900000000000002,0.46544328789752015
384.0,1.0,-1.9999999999999964,0.4645124013217251
385.0,1.0,-0.1999999999999993,0.46358337651908166
386.0,3.0,17.899999999999984,0.4626562097660435
387.0,2.0,9.200000000000003,0.4617308973465114
388.0,2.0,8.399999999999995,0.46080743555181836
389.0,0.0,-10.6,0.4598858206807147
390.0,2.0,8.399999999999991,0.4589660490393533
391.0,1.0,-0.6999999999999993,0.45804811694127456
392.0,0.0,-10.4,0.457132020707392
393.0,2.0,8.899999999999999,0.45621775666597725
394.0,1.0,-1.4000000000000004,0.45530532115264527
395.0,1.0,-0.9000000000000004,0.45439471051033997
396.0,2.0,9.0,0.4534859210893193
397.0,1.0,-1.5999999999999979,0.45257894924714065
398.0,3.0,18.099999999999984,0.4516737913486464
399.0,4.0,27.39999999999999,0.4507704437659491
400.0,0.0,-10.4,0.4498689028784172
401.0,2.0,8.400000000000006,0.4489691650726603
402.0,1.0,-0.3000000000000007,0.448071226742515
403.0,3.0,16.299999999999976,0.44717508428902997
404.0,2.0,7.199999999999967,0.4462807341204519
405.0,1.0,-0.8999999999999986,0.445388172652211
406.0,2.0,9.3,0.44449739630690654
407.0,1.0,-0.40000000000000036,0.4436084015142927
408.0,1.0,-0.29999999999999893,0.4427211847112641
409.0,1.0,-1.999999999999993,0.4418357423418416
410.0,1.0,-0.3000000000000007,0.44095207085715793
411.0,9.0,76.6,0.44007016671544363
412.0,2.0,8.999999999999996,0.43919002638201277
413.0,3.0,18.89999999999999,0.43831164632924874
414.0,2.0,9.600000000000001,0.43743502303659026
415.0,0.0,-10.5,0.4365601529905171
416.0,2.0,8.799999999999997,0.43568703268453607
417.0,4.0,27.700000000000003,0.434815658619167
418.0,0.0,-10.4,0.43394602730192866
419.0,2.0,8.700000000000003,0.4330781352473248
420.0,1.0,-0.9999999999999982,0.43221197897683017
421.0,2.0,8.899999999999995,0.4313475550188765
422.0,1.0,-0.1999999999999993,0.4304848599088387
423.0,0.0,-10.9,0.42962389018902103
424.0,4.0,28.29999999999999,0.428764642408643
425.0,5.0,38.499999999999986,0.4279071131238257
426.0,4.0,27.299999999999983,0.42705129889757804
427.0,1.0,-0.4999999999999982,0.42619719629978287
428.0,1.0,-0.8999999999999986,0.4253448019071833
429.0,2.0,7.1000000000000085,0.424494112303369
430.0,3.0,17.89999999999999,0.42364512407876226
431.0,2.0,9.099999999999998,0.4227978338306047
432.0,2.0,9.000000000000004,0.42195223816294347
433.0,1.0,-0.9000000000000004,0.4211083336866176
434.0,0.0,-10.7,0.4202661170192444
435.0,6.0,47.49999999999999,0.41942558478520586
436.0,2.0,6.399999999999984,0.4185867336156355
437.0,2.0,9.0,0.4177495601484042
438.0,3.0,18.89999999999999,0.4169140610281074
439.0,3.0,19.4,0.4160802329060512
440.0,0.0,-11.1,0.4152480724402391
441.0,0.0,-10.5,0.41441757629535864
442.0,2.0,9.0,0.4135887411427679
443.0,3.0,19.1,0.41276156366048233
444.0,2.0,8.900000000000002,0.41193604053316135
445.0,0.0,-11.6,0.41111216845209503
446.0,3.0,16.599999999999987,0.4102899441151908
447.0,1.0,-1.0999999999999979,0.40946936422696045
448.0,3.0,18.999999999999993,0.40865042549850655
449.0,1.0,-1.9999999999999947,0.40783312464750954
450.0,2.0,8.699999999999989,0.4070174583982145
451.0,2.0,9.200000000000003,0.4062034234814181
452.0,0.0,-10.3,0.40539101663445526
453.0,3.0,17.79999999999999,0.40458023460118636
454.0,1.0,-0.8999999999999986,0.403771074131984
455.0,2.0,7.79999999999999,0.40296353198372004
456.0,3.0,17.599999999999987,0.4021576049197526
457.0,4.0,27.099999999999966,0.40135328970991313
458.0,7.0,57.10000000000002,0.4005505831304933
459.0,3.0,18.69999999999999,0.3997494819642323
460.0,1.0,-0.5,0.3989499830003039
461.0,3.0,19.09999999999999,0.3981520830343033
462.0,0.0,-10.4,0.39735577886823464
463.0,0.0,-10.4,0.39656106731049817
464.0,1.0,-0.3999999999999986,0.39576794517587716
465.0,1.0,-1.799999999999999,0.3949764092855254
466.0,1.0,-1.2999999999999954,0.3941864564669544
467.0,4.0,27.69999999999999,0.39339808355402045
468.0,2.0,9.000000000000004,0.3926112873869124
469.0,3.0,16.399999999999984,0.3918260648121386
470.0,2.0,9.000000000000004,0.39104241268251433
471.0,2.0,7.500000000000007,0.3902603278571493
472.0,1.0,-0.29999999999999893,0.389479807201435
473.0,1.0,-0.40000000000000036,0.3887008475870321
474.0,0.0,-10.7,0.38792344589185807
475.0,5.0,37.39999999999998,0.38714759900007434
476.0,3.0,17.999999999999986,0.3863733038020742
477.0,0.0,-10.9,0.38560055719447006
478.0,0.0,-10.3,0.3848293560800811
479.0,3.0,18.499999999999986,0.38405969736792095
480.0,2.0,9.199999999999996,0.3832915779731851
481.0,4.0,28.19999999999999,0.38252499481723873
482.0,1.0,-0.1999999999999993,0.3817599448276042
483.0,1.0,-0.29999999999999893,0.380996424937949
484.0,2.0,9.299999999999997,0.3802344320880731
485.0,1.0,-0.5999999999999979,0.379473963223897
486.0,6.0,48.699999999999996,0.37871501529744916
487.0,2.0,9.7,0.37795758526685425
488.0,2.0,9.200000000000003,0.37720167009632055
489.0,1.0,-1.899999999999995,0.3764472667561279
490.0,3.0,18.89999999999999,0.37569437222261565
491.0,1.0,-1.2999999999999972,0.3749429834781704
492.0,3.0,17.700000000000003,0.37419309751121405
493.0,5.0,38.199999999999996,0.3734447113161916
494.0,4.0,26.499999999999964,0.3726978218935592
495.0,0.0,-10.5,0.3719524262497721
496.0,6.0,47.59999999999998,0.37120852139727256
497.0,3.0,17.9,0.370466104354478
498.0,5.0,37.699999999999974,0.36972517214576905
499.0,2.0,8.900000000000006,0.36898572180147754
500.0,3.0,18.599999999999994,0.3682477503578746
501.0,0.0,-10.8,0.36751125485715885
502.0,2.0,7.70000000000001,0.36677623234744455
503.0,1.0,-0.7999999999999989,0.3660426798827497
504.0,3.0,17.899999999999977,0.3653105945229842
505.0,2.0,9.099999999999994,0.3645799733339382
506.0,4.0,28.199999999999974,0.3638508133872703
507.0,2.0,9.5,0.3631231117604958
508.0,4.0,27.499999999999986,0.3623968655369748
509.0,2.0,8.999999999999996,0.3616720718059009
510.0,2.0,7.79999999999999,0.3609487276622891
511.0,1.0,-0.5999999999999996,0.3602268302069645
512.0,0.0,-10.5,0.35950637654655054
513.0,0.0,-10.3,0.35878736379345744
514.0,1.0,-0.3999999999999986,0.3580697890658705
515.0,1.0,-0.1999999999999993,0.35735364948773873
516.0,4.0,28.599999999999987,0.35663894218876324
517.0,4.0,28.099999999999987,0.3559256643043857
518.0,4.0,28.29999999999999,0.3552138129757769
519.0,4.0,27.399999999999977,0.35450338534982534
520.0,3.0,19.099999999999994,0.3537943785791257
521.0,2.0,8.8,0.35308678982196745
522.0,1.0,-0.1999999999999993,0.35238061624232353
523.0,1.0,-0.40000000000000036,0.3516758550098389
524.0,1.0,-0.29999999999999893,0.3509725032998192
525.0,2.0,8.899999999999991,0.35027055829321957
526.0,1.0,-0.8999999999999968,0.3495700171766331
527.0,1.0,-0.1999999999999993,0.3488708771422798
528.0,4.0,27.499999999999993,0.34817313538799527
529.0,2.0,8.599999999999994,0.3474767891172193
530.0,5.0,36.79999999999997,0.34678183553898484
531.0,2.0,8.099999999999977,0.34608827186790686
532.0,2.0,7.899999999999995,0.34539609532417104
533.0,7.0,55.599999999999966,0.3447053031335227
534.0,9.0,76.50000000000006,0.3440158925272557
535.0,1.0,-0.09999999999999964,0.3433278607422012
536.0,3.0,17.799999999999986,0.34264120502071677
537.0,9.0,76.40000000000003,0.3419559226106753
538.0,2.0,7.300000000000004,0.34127201076545394
539.0,0.0,-10.4,0.34058946674392304
540.0,1.0,-2.9999999999999964,0.3399082878104352
541.0,0.0,-10.3,0.3392284712348143
542.0,4.0,28.399999999999984,0.33855001429234466
543.0,3.0,18.7,0.33787291426376
544.0,4.0,28.099999999999987,0.33719716843523245
545.0,2.0,9.200000000000003,0.336522774098362
546.0,4.0,28.299999999999983,0.33584972855016526
547.0,5.0,37.099999999999966,0.33517802909306493
548.0,5.0,37.89999999999999,0.3345076730348788
549.0,5.0,37.49999999999998,0.33383865768880905
550.0,1.0,-0.5,0.3331709803734314
551.0,3.0,18.899999999999995,0.3325046384126845
552.0,3.0,18.69999999999999,0.3318396291358591
553.0,4.0,27.199999999999967,0.3311759498775874
554.0,3.0,19.499999999999993,0.33051359797783225
555.0,6.0,46.399999999999956,0.3298525707818766
556.0,3.0,18.1,0.3291928656403128
557.0,3.0,17.999999999999993,0.3285344799090322
558.0,1.0,-1.0999999999999996,0.32787741094921413
559.0,1.0,-0.4999999999999982,0.3272216561273157
560.0,2.0,8.5,0.32656721281506107
561.0,4.0,27.299999999999983,0.32591407838943093
562.0,5.0,36.09999999999996,0.32526225023265204
563.0,2.0,9.0,0.3246117257321867
564.0,4.0,27.099999999999987,0.3239625022807223
565.0,3.0,18.999999999999996,0.32331457727616086
566.0,4.0,29.099999999999994,0.32266794812160854
567.0,2.0,9.2,0.3220226122253653
568.0,7.0,54.59999999999994,0.3213785670009146
569.0,5.0,38.19999999999999,0.3207358098669128
570.0,6.0,47.799999999999976,0.320094338247179
571.0,2.0,8.999999999999993,0.31945414957068463
572.0,5.0,37.19999999999998,0.31881524127154326
573.0,2.0,9.499999999999996,0.3181776107890002
574.0,2.0,9.200000000000003,0.3175412555674222
575.0,1.0,-0.9000000000000004,0.3169061730562873
576.0,8.0,65.40000000000008,0.3162723607101747
577.0,1.0,-1.0,0.3156398159887544
578.0,3.0,18.699999999999996,0.3150085363567769
579.0,3.0,18.699999999999996,0.31437851928406335
580.0,1.0,-0.7999999999999989,0.3137497622454952
581.0,0.0,-10.9,0.31312226272100424
582.0,4.0,28.299999999999983,0.3124960181955622
583.0,1.0,-0.1999999999999993,0.3118710261591711
584.0,2.0,9.3,0.31124728410685276
585.0,2.0,8.800000000000004,0.31062478953863903
586.0,0.0,-10.4,0.31000353995956176
587.0,1.0,-0.7999999999999989,0.30938353287964265
588.0,3.0,18.799999999999997,0.30876476581388335
589.0,2.0,7.6999999999999815,0.3081472362822556
590.0,2.0,8.899999999999991,0.3075309418096911
591.0,1.0,-0.3000000000000007,0.3069158799260717
592.0,2.0,8.999999999999996,0.3063020481662196
593.0,1.0,-1.1999999999999975,0.30568944406988713
594.0,1.0,-1.1999999999999975,0.30507806518174735
595.0,2.0,9.600000000000001,0.3044679090513839
596.0,3.0,18.7,0.3038589732332811
597.0,5.0,37.999999999999986,0.3032512552868145
598.0,8.0,66.70000000000002,0.30264475277624087
599.0,2.0,8.399999999999991,0.30203946327068837
600.0,4.0,27.799999999999983,0.301435384344147
601.0,4.0,28.79999999999999,0.3008325135754587
602.0,1.0,-1.0999999999999979,0.3002308485483078
603.0,1.0,-0.5,0.2996303868512112
604.0,8.0,67.90000000000002,0.29903112607750876
605.0,6.0,46.79999999999996,0.29843306382535373
606.0,3.0,18.099999999999987,0.29783619769770303
607.0,7.0,58.5,0.2972405253023076
608.0,6.0,45.799999999999955,0.296646044251703
609.0,4.0,29.199999999999996,0.2960527521631996
610.0,0.0,-10.5,0.29546064665887317
611.0,1.0,-0.6999999999999993,0.29486972536555545
612.0,3.0,18.89999999999999,0.29427998591482435
613.0,7.0,57.7,0.2936914259429947
614.0,2.0,8.399999999999991,0.2931040430911087
615.0,0.0,-10.3,0.2925178350049265
616.0,3.0,18.299999999999994,0.29193279933491667
617.0,1.0,-1.1999999999999975,0.2913489337362468
618.0,4.0,27.69999999999999,0.2907662358687743
619.0,1.0,-0.1999999999999993,0.2901847033970368
620.0,2.0,9.399999999999999,0.2896043339902427
621.0,0.0,-10.4,0.2890251253222622
622.0,1.0,-0.9999999999999982,0.2884470750716177
623.0,2.0,8.199999999999996,0.2878701809214745
624.0,5.0,36.69999999999997,0.28729444055963155
625.0,4.0,27.79999999999999,0.28671985167851227
626.0,1.0,-0.9999999999999982,0.2861464119751552
627.0,1.0,-0.6999999999999993,0.2855741191512049
628.0,1.0,-0.1999999999999993,0.2850029709129025
629.0,4.0,29.6,0.2844329649710767
630.0,0.0,-10.5,0.2838640990411345
631.0,2.0,8.800000000000004,0.28329637084305226
632.0,2.0,8.900000000000002,0.2827297781013662
633.0,5.0,36.39999999999997,0.28216431854516344
634.0,1.0,-0.6999999999999993,0.2815999899080731
635.0,1.0,-0.29999999999999893,0.281036789928257
636.0,1.0,-0.40000000000000036,0.2804747163484005
637.0,2.0,8.499999999999993,0.2799137669157037
638.0,3.0,19.699999999999996,0.2793539393818723
639.0,4.0,27.399999999999977,0.2787952315031086
640.0,4.0,28.499999999999986,0.27823764104010235
641.0,4.0,28.599999999999987,0.27768116575802215
642.0,6.0,47.49999999999998,0.2771258034265061
643.0,2.0,9.199999999999992,0.2765715518196531
644.0,3.0,18.999999999999996,0.2760184087160138
645.0,8.0,67.0,0.27546637189858175
646.0,5.0,36.99999999999997,0.2749154391547846
647.0,2.0,9.3,0.27436560827647505
648.0,2.0,8.399999999999988,0.2738168770599221
649.0,4.0,28.49999999999998,0.2732692433058022
650.0,4.0,27.19999999999998,0.2727227048191906
651.0,0.0,-10.3,0.27217725940955223
652.0,3.0,18.799999999999997,0.2716329048907331
653.0,3.0,18.49999999999999,0.2710896390809516
654.0,5.0,38.09999999999997,0.2705474598027897
655.0,1.0,-0.40000000000000036,0.27000636488318414
656.0,10.0,85.60000000000005,0.26946635215341774
657.0,4.0,27.399999999999984,0.2689274194491109
658.0,3.0,18.399999999999995,0.2683895646102127
659.0,0.0,-10.3,0.2678527854809923
660.0,3.0,19.099999999999994,0.2673170799100303
661.0,6.0,46.999999999999964,0.2667824457502102
662.0,1.0,-0.5999999999999996,0.2662488808587098
663.0,1.0,-0.29999999999999893,0.26571638309699236
664.0,2.0,9.29999999999999,0.26518495033079836
665.0,3.0,18.19999999999998,0.2646545804301368
666.0,5.0,38.19999999999999,0.26412527126927654
667.0,4.0,28.599999999999994,0.26359702072673796
668.0,1.0,-1.0,0.2630698266852845
669.0,1.0,-1.0999999999999979,0.26254368703191394
670.0,0.0,-11.2,0.2620185996578501
671.0,2.0,9.099999999999994,0.2614945624585344
672.0,4.0,29.099999999999994,0.26097157333361737
673.0,4.0,27.899999999999984,0.2604496301869501
674.0,6.0,45.09999999999995,0.2599287309265762
675.0,3.0,19.29999999999999,0.259408873464723
676.0,0.0,-10.4,0.25889005571779355
677.0,3.0,17.899999999999988,0.25837227560635795
678.0,2.0,9.200000000000003,0.25785553105514525
679.0,4.0,28.099999999999973,0.25733981999303496
680.0,2.0,8.500000000000004,0.2568251403530489
681.0,2.0,8.600000000000001,0.2563114900723428
682.0,2.0,8.699999999999992,0.25579886709219807
683.0,2.0,8.899999999999991,0.25528726935801366
684.0,1.0,-0.9999999999999982,0.25477669481929766
685.0,2.0,7.399999999999977,0.25426714142965906
686.0,7.0,56.79999999999997,0.25375860714679976
687.0,6.0,47.49999999999997,0.25325108993250617
688.0,2.0,9.399999999999999,0.25274458775264114
689.0,2.0,9.700000000000003,0.25223909857713583
690.0,3.0,18.099999999999987,0.25173462037998157
691.0,2.0,8.099999999999994,0.2512311511392216
692.0,6.0,47.39999999999998,0.25072868883694316
693.0,7.0,56.59999999999998,0.2502272314592693
694.0,0.0,-10.7,0.24972677699635074
695.0,5.0,37.999999999999986,0.24922732344235804
696.0,2.0,7.500000000000007,0.24872886879547332
697.0,1.0,-0.3000000000000007,0.24823141105788238
698.0,5.0,38.19999999999999,0.2477349482357666
699.0,3.0,18.59999999999999,0.24723947833929508
700.0,3.0,18.9,0.2467449993826165
701.0,2.0,8.499999999999993,0.24625150938385126
702.0,4.0,28.89999999999999,0.24575900636508355
703.0,3.0,18.499999999999996,0.24526748835235337
704.0,2.0,9.7,0.24477695337564867
705.0,3.0,19.1,0.24428739946889738
706.0,3.0,18.499999999999986,0.24379882466995959
707.0,2.0,9.700000000000003,0.24331122702061966
708.0,5.0,37.09999999999997,0.24282460456657842
709.0,0.0,-10.4,0.24233895535744526
710.0,4.0,26.599999999999973,0.24185427744673038
711.0,0.0,-10.6,0.24137056889183692
712.0,2.0,8.699999999999989,0.24088782775405324
713.0,1.0,-0.3000000000000007,0.24040605209854513
714.0,3.0,18.799999999999997,0.23992523999434803
715.0,9.0,76.60000000000005,0.23944538951435934
716.0,4.0,26.899999999999984,0.23896649873533063
717.0,2.0,7.999999999999993,0.23848856573785998
718.0,0.0,-10.5,0.23801158860638427
719.0,1.0,-0.5,0.2375355654291715
720.0,4.0,28.199999999999996,0.23706049429831316
721.0,3.0,18.69999999999999,0.23658637330971655
722.0,2.0,8.399999999999991,0.23611320056309712
723.0,1.0,-0.6999999999999993,0.2356409741619709
724.0,4.0,29.099999999999994,0.23516969221364697
725.0,6.0,46.29999999999996,0.2346993528292197
726.0,1.0,-0.8999999999999986,0.23422995412356126
727.0,0.0,-10.6,0.23376149421531414
728.0,6.0,46.99999999999997,0.2332939712268835
729.0,5.0,37.99999999999998,0.23282738328442973
730.0,6.0,46.19999999999997,0.23236172851786085
731.0,0.0,-10.5,0.23189700506082514
732.0,6.0,47.89999999999998,0.2314332110507035
733.0,5.0,38.699999999999996,0.23097034462860208
734.0,2.0,8.899999999999999,0.23050840393934488
735.0,2.0,8.499999999999986,0.2300473871314662
736.0,6.0,47.099999999999966,0.22958729235720327
737.0,3.0,19.599999999999994,0.22912811777248887
738.0,1.0,-0.3000000000000007,0.22866986153694388
739.0,2.0,8.899999999999999,0.22821252181387
740.0,7.0,57.30000000000001,0.22775609677024225
741.0,8.0,66.7,0.22730058457670177
742.0,2.0,9.100000000000001,0.22684598340754836
743.0,2.0,9.5,0.22639229144073325
744.0,2.0,8.5,0.22593950685785177
745.0,5.0,38.69999999999998,0.22548762784413606
746.0,1.0,-0.40000000000000036,0.2250366525884478
747.0,3.0,18.799999999999983,0.2245865792832709
748.0,3.0,18.899999999999988,0.22413740612470434
749.0,3.0,17.69999999999999,0.22368913131245494
750.0,4.0,26.899999999999977,0.22324175304983002
751.0,0.0,-10.2,0.22279526954373036
752.0,5.0,37.899999999999984,0.2223496790046429
753.0,1.0,-0.40000000000000036,0.2219049796466336
754.0,0.0,-10.5,0.22146116968734034
755.0,2.0,8.799999999999997,0.22101824734796566
756.0,3.0,18.69999999999999,0.22057621085326973
757.0,3.0,18.999999999999993,0.2201350584315632
758.0,5.0,37.699999999999974,0.21969478831470007
759.0,4.0,28.599999999999994,0.21925539873807068
760.0,5.0,36.69999999999996,0.21881688794059453
761.0,4.0,27.699999999999974,0.21837925416471335
762.0,3.0,19.099999999999994,0.21794249565638393
763.0,4.0,28.19999999999998,0.21750661066507115
764.0,3.0,19.4,0.21707159744374102
765.0,2.0,8.099999999999994,0.21663745424885353
766.0,5.0,38.09999999999997,0.21620417934035582
767.0,4.0,28.499999999999993,0.2157717709816751
768.0,5.0,38.59999999999999,0.21534022743971176
769.0,7.0,55.19999999999996,0.21490954698483233
770.0,7.0,54.89999999999996,0.21447972789086267
771.0,2.0,8.800000000000004,0.21405076843508095
772.0,3.0,18.799999999999997,0.21362266689821077
773.0,9.0,77.00000000000004,0.21319542156441434
774.0,5.0,37.59999999999997,0.21276903072128553
775.0,0.0,-10.5,0.21234349265984295
776.0,6.0,48.199999999999974,0.21191880567452326
777.0,6.0,48.29999999999999,0.21149496806317422
778.0,0.0,-10.3,0.21107197812704787
779.0,1.0,-0.5,0.21064983417079378
780.0,4.0,29.299999999999997,0.21022853450245219
781.0,4.0,28.499999999999993,0.2098080774334473
782.0,3.0,18.799999999999997,0.20938846127858038
783.0,4.0,27.79999999999999,0.20896968435602323
784.0,0.0,-10.4,0.2085517449873112
785.0,1.0,-0.40000000000000036,0.20813464149733657
786.0,4.0,27.999999999999986,0.2077183722143419
787.0,6.0,47.69999999999997,0.2073029354699132
788.0,3.0,18.399999999999984,0.20688832959897338
789.0,5.0,38.59999999999999,0.20647455293977543
790.0,5.0,36.799999999999976,0.20606160383389588
791.0,7.0,55.99999999999997,0.2056494806262281
792.0,3.0,18.999999999999993,0.20523818166497565
793.0,5.0,37.19999999999997,0.2048277053016457
794.0,1.0,-0.4999999999999982,0.20441804989104242
795.0,2.0,8.899999999999991,0.20400921379126033
796.0,6.0,47.19999999999997,0.20360119536367782
797.0,4.0,27.999999999999986,0.20319399297295046
798.0,6.0,47.699999999999974,0.20278760498700457
799.0,1.0,-0.5999999999999979,0.20238202977703057
800.0,1.0,-0.4999999999999982,0.2019772657174765
801.0,7.0,56.99999999999997,0.20157331118604155
802.0,7.0,55.79999999999998,0.20117016456366946
803.0,3.0,19.299999999999997,0.20076782423454212
804.0,4.0,28.59999999999998,0.20036628858607303
805.0,5.0,36.99999999999998,0.19996555600890087
806.0,7.0,56.19999999999996,0.19956562489688306
807.0,11.0,93.90000000000012,0.1991664936470893
808.0,4.0,28.09999999999998,0.1987681606597951
809.0,4.0,26.99999999999997,0.19837062433847552
810.0,8.0,66.60000000000001,0.19797388308979857
811.0,2.0,8.399999999999991,0.19757793532361898
812.0,4.0,27.799999999999983,0.19718277945297175
813.0,7.0,56.29999999999998,0.1967884138940658
814.0,14.0,122.20000000000013,0.19639483706627767
815.0,7.0,58.09999999999998,0.1960020473921451
816.0,8.0,67.7,0.1956100432973608
817.0,4.0,27.799999999999976,0.19521882321076608
818.0,0.0,-10.3,0.19482838556434456
819.0,2.0,9.399999999999999,0.1944387287932159
820.0,3.0,18.89999999999999,0.19404985133562946
821.0,13.0,116.60000000000005,0.1936617516329582
822.0,1.0,-0.3000000000000007,0.19327442812969228
823.0,0.0,-10.3,0.1928878792734329
824.0,2.0,8.899999999999999,0.19250210351488603
825.0,5.0,38.49999999999999,0.19211709930785625
826.0,7.0,58.19999999999999,0.19173286510924054
827.0,1.0,-0.5,0.19134939937902207
828.0,1.0,-0.1999999999999993,0.19096670058026402
829.0,0.0,-11.6,0.1905847671791035
830.0,3.0,18.79999999999999,0.1902035976447453
831.0,4.0,27.89999999999999,0.1898231904494558
832.0,9.0,75.60000000000005,0.1894435440685569
833.0,5.0,37.99999999999997,0.1890646569804198
834.0,5.0,38.399999999999984,0.18868652766645896
835.0,4.0,28.29999999999999,0.18830915461112605
836.0,5.0,37.699999999999974,0.1879325363019038
837.0,1.0,-0.9999999999999964,0.18755667122929998
838.0,2.0,8.899999999999999,0.18718155788684138
839.0,3.0,17.999999999999986,0.1868071947710677
840.0,9.0,75.30000000000001,0.18643358038152555
841.0,6.0,48.09999999999999,0.1860607132207625
842.0,1.0,-0.29999999999999893,0.18568859179432098
843.0,0.0,-10.3,0.18531721461073233
844.0,4.0,27.69999999999998,0.18494658018151086
845.0,2.0,9.299999999999997,0.18457668702114785
846.0,0.0,-10.3,0.18420753364710554
847.0,8.0,67.0,0.18383911857981133
848.0,2.0,9.200000000000003,0.1834714403426517
849.0,9.0,76.00000000000001,0.1831044974619664
850.0,9.0,76.30000000000004,0.18273828846704246
851.0,7.0,55.099999999999966,0.18237281189010837
852.0,7.0,56.70000000000002,0.18200806626632815
853.0,1.0,-1.2999999999999972,0.1816440501337955
854.0,1.0,-0.1999999999999993,0.18128076203352791
855.0,3.0,19.4,0.18091820050946086
856.0,7.0,58.599999999999994,0.18055636410844195
857.0,6.0,47.39999999999997,0.18019525138022507
858.0,2.0,9.7,0.17983486087746461
859.0,3.0,17.699999999999992,0.17947519115570967
860.0,4.0,27.59999999999998,0.17911624077339824
861.0,3.0,18.499999999999993,0.17875800829185146
862.0,1.0,-0.3000000000000007,0.17840049227526775
863.0,1.0,-0.5999999999999996,0.1780436912907172
864.0,2.0,8.600000000000005,0.17768760390813576
865.0,5.0,37.89999999999998,0.17733222870031948
866.0,3.0,19.5,0.17697756424291883
867.0,4.0,28.09999999999998,0.17662360911443298
868.0,6.0,47.79999999999998,0.17627036189620413
869.0,2.0,8.699999999999996,0.17591782117241173
870.0,2.0,9.7,0.17556598553006691
871.0,5.0,35.999999999999964,0.1752148535590068
872.0,6.0,47.69999999999998,0.17486442385188877
873.0,8.0,67.0,0.17451469500418498
874.0,2.0,8.899999999999999,0.17416566561417662
875.0,5.0,38.79999999999999,0.17381733428294827
876.0,3.0,18.79999999999999,0.17346969961438236
877.0,9.0,75.50000000000003,0.1731227602151536
878.0,4.0,29.099999999999994,0.1727765146947233
879.0,1.0,-0.8999999999999986,0.17243096166533387
880.0,6.0,46.39999999999996,0.1720860997420032
881.0,6.0,47.89999999999998,0.17174192754251918
882.0,1.0,-0.1999999999999993,0.17139844368743415
883.0,0.0,-10.3,0.17105564680005927
884.0,3.0,19.099999999999994,0.17071353550645915
885.0,3.0,18.599999999999987,0.17037210843544623
886.0,7.0,55.900000000000006,0.17003136421857534
887.0,2.0,9.000000000000004,0.1696913014901382
888.0,9.0,76.50000000000003,0.16935191888715792
889.0,4.0,28.19999999999998,0.1690132150493836
890.0,6.0,47.89999999999998,0.16867518861928482
891.0,1.0,-0.40000000000000036,0.16833783824204626
892.0,3.0,17.999999999999982,0.16800116256556216
893.0,7.0,56.699999999999974,0.16766516024043104
894.0,2.0,8.900000000000002,0.16732982991995018
895.0,4.0,27.69999999999999,0.1669951702601103
896.0,5.0,35.899999999999956,0.16666117991959006
897.0,5.0,38.59999999999999,0.16632785755975088
898.0,6.0,47.199999999999974,0.16599520184463137
899.0,6.0,47.799999999999976,0.16566321144094212
900.0,7.0,58.10000000000002,0.16533188501806023
901.0,9.0,73.40000000000009,0.1650012212480241
902.0,2.0,8.299999999999997,0.16467121880552807
903.0,2.0,9.3,0.164341876367917
904.0,4.0,27.49999999999998,0.16401319261518116
905.0,2.0,9.000000000000004,0.1636851662299508
906.0,2.0,9.600000000000001,0.1633577958974909
907.0,2.0,8.500000000000004,0.1630310803056959
908.0,8.0,68.1,0.1627050181450845
909.0,7.0,57.5,0.16237960810879434
910.0,7.0,56.099999999999994,0.16205484889257676
911.0,5.0,37.39999999999997,0.1617307391947916
912.0,3.0,18.29999999999999,0.16140727771640204
913.0,3.0,18.49999999999999,0.16108446316096922
914.0,1.0,-0.4999999999999982,0.16076229423464727
915.0,9.0,75.30000000000001,0.16044076964617798
916.0,2.0,8.199999999999996,0.16011988810688563
917.0,10.0,85.80000000000001,0.15979964833067187
918.0,1.0,-0.4999999999999982,0.15948004903401053
919.0,1.0,-0.40000000000000036,0.1591610889359425
920.0,1.0,-0.5999999999999979,0.1588427667580706
921.0,3.0,19.299999999999997,0.15852508122455447
922.0,9.0,76.80000000000004,0.15820803106210535
923.0,0.0,-10.4,0.15789161499998114
924.0,1.0,-0.29999999999999893,0.1575758317699812
925.0,3.0,18.59999999999999,0.15726068010644123
926.0,4.0,27.79999999999999,0.15694615874622836
927.0,6.0,48.19999999999999,0.1566322664287359
928.0,7.0,55.999999999999986,0.15631900189587844
929.0,5.0,36.89999999999996,0.1560063638920867
930.0,8.0,64.80000000000004,0.15569435116430252
931.0,1.0,-0.5,0.15538296246197392
932.0,4.0,27.89999999999999,0.15507219653704996
933.0,1.0,-0.40000000000000036,0.15476205214397584
934.0,2.0,9.100000000000001,0.1544525280396879
935.0,10.0,85.20000000000007,0.1541436229836085
936.0,1.0,-0.1999999999999993,0.1538353357376413
937.0,2.0,8.99999999999999,0.15352766506616602
938.0,7.0,57.39999999999999,0.15322060973603369
939.0,4.0,27.899999999999984,0.15291416851656162
940.0,4.0,28.69999999999999,0.15260834017952848
941.0,2.0,9.600000000000001,0.15230312349916944
942.0,5.0,37.49999999999997,0.1519985172521711
943.0,8.0,65.0,0.15169452021766675
944.0,5.0,37.99999999999998,0.1513911311772314
945.0,3.0,19.199999999999996,0.15108834891487694
946.0,7.0,57.29999999999998,0.15078617221704718
947.0,4.0,29.099999999999994,0.1504845998726131
948.0,3.0,18.1,0.15018363067286786
949.0,2.0,7.599999999999994,0.1498832634115221
950.0,5.0,38.19999999999998,0.14958349688469907
951.0,0.0,-10.2,0.14928432989092968
952.0,7.0,57.89999999999998,0.14898576123114782
953.0,9.0,75.5000000000001,0.1486877897086855
954.0,0.0,-10.4,0.14839041412926815
955.0,1.0,-0.29999999999999893,0.1480936333010096
956.0,4.0,28.599999999999987,0.1477974460344076
957.0,8.0,68.30000000000001,0.14750185114233877
958.0,5.0,36.09999999999996,0.14720684744005408
959.0,2.0,9.599999999999998,0.14691243374517396
960.0,5.0,38.499999999999986,0.1466186088776836
961.0,3.0,19.199999999999992,0.14632537165992823
962.0,6.0,46.99999999999997,0.14603272091660838
963.0,6.0,47.09999999999997,0.14574065547477516
964.0,12.0,104.60000000000008,0.1454491741638256
965.0,4.0,28.399999999999984,0.14515827581549795
966.0,2.0,9.399999999999999,0.14486795926386695
967.0,6.0,47.99999999999998,0.1445782233453392
968.0,3.0,19.199999999999996,0.14428906689864854
969.0,4.0,28.599999999999994,0.14400048876485125
970.0,10.0,85.30000000000005,0.14371248778732154
971.0,8.0,67.30000000000001,0.14342506281174688
972.0,2.0,9.8,0.1431382126861234
973.0,6.0,47.599999999999966,0.14285193626075116
974.0,4.0,28.49999999999998,0.14256623238822966
975.0,1.0,-0.6999999999999993,0.1422810999234532
976.0,4.0,28.399999999999984,0.1419965377236063
977.0,7.0,56.7,0.14171254464815908
978.0,4.0,29.499999999999993,0.14142911955886275
979.0,9.0,74.70000000000005,0.14114626131974503
980.0,1.0,-0.5,0.14086396879710555
981.0,6.0,48.499999999999986,0.14058224085951135
982.0,2.0,8.599999999999994,0.14030107637779232
983.0,11.0,94.90000000000005,0.14002047422503675
984.0,10.0,85.30000000000007,0.13974043327658667
985.0,4.0,27.899999999999984,0.1394609524100335
986.0,10.0,86.70000000000002,0.13918203050521344
987.0,6.0,46.89999999999997,0.13890366644420302
988.0,5.0,38.09999999999999,0.13862585911131461
989.0,5.0,37.699999999999974,0.138348607393092
990.0,9.0,76.70000000000005,0.1380719101783058
991.0,6.0,46.49999999999997,0.13779576635794918
992.0,9.0,77.20000000000005,0.1375201748252333
993.0,0.0,-10.9,0.13724513447558281
994.0,6.0,46.99999999999997,0.13697064420663166
995.0,1.0,-0.5999999999999996,0.1366967029182184
996.0,2.0,8.599999999999994,0.13642330951238196
997.0,6.0,47.799999999999976,0.1361504628933572
998.0,1.0,-0.7999999999999989,0.13587816196757047
999.0,3.0,18.29999999999999,0.13560640564363532
1000.0,10.0,87.40000000000005,0.13533519283234804
1001.0,7.0,56.69999999999999,0.13506452244668335
1002.0,8.0,64.3000000000001,0.13479439340178997
1003.0,6.0,46.699999999999974,0.1345248046149864
1004.0,5.0,37.299999999999976,0.13425575500575643
1005.0,3.0,18.799999999999994,0.13398724349574492
1006.0,1.0,-0.29999999999999893,0.13371926900875344
1007.0,4.0,28.599999999999987,0.13345183047073594
1008.0,10.0,85.80000000000003,0.13318492680979446
1009.0,5.0,37.699999999999974,0.13291855695617488
1010.0,3.0,18.89999999999999,0.13265271984226254
1011.0,6.0,47.899999999999984,0.132387414402578
1012.0,4.0,27.39999999999999,0.13212263957377285
1013.0,5.0,37.19999999999997,0.13185839429462531
1014.0,8.0,67.30000000000001,0.13159467750603607
1015.0,12.0,107.9,0.131331488151024
1016.0,4.0,29.39999999999999,0.13106882517472196
1017.0,5.0,38.19999999999998,0.13080668752437252
1018.0,3.0,18.599999999999994,0.1305450741493238
1019.0,12.0,105.2000000000001,0.13028398400102514
1020.0,3.0,19.7,0.1300234160330231
1021.0,4.0,27.999999999999993,0.12976336920095705
1022.0,1.0,-0.29999999999999893,0.12950384246255514
1023.0,11.0,94.9000000000001,0.12924483477763002
1024.0,8.0,65.40000000000002,0.12898634510807475
1025.0,5.0,38.39999999999998,0.1287283724178586
1026.0,9.0,76.60000000000002,0.12847091567302288
1027.0,9.0,75.00000000000003,0.12821397384167682
1028.0,5.0,38.19999999999998,0.12795754589399347
1029.0,9.0,74.8000000000001,0.12770163080220548
1030.0,5.0,39.699999999999996,0.12744622754060106
1031.0,7.0,56.39999999999998,0.12719133508551986
1032.0,12.0,105.00000000000016,0.12693695241534883
1033.0,10.0,84.50000000000006,0.12668307851051813
1034.0,2.0,8.299999999999997,0.1264297123534971
1035.0,7.0,56.7,0.1261768529287901
1036.0,6.0,48.499999999999986,0.12592449922293253
1037.0,3.0,18.79999999999999,0.12567265022448668
1038.0,4.0,28.29999999999999,0.1254213049240377
1039.0,14.0,122.9000000000002,0.12517046231418963
1040.0,3.0,17.899999999999995,0.12492012138956125
1041.0,11.0,95.10000000000005,0.12467028114678214
1042.0,0.0,-10.3,0.12442094058448858
1043.0,2.0,9.0,0.1241720987033196
1044.0,2.0,9.5,0.12392375450591296
1045.0,1.0,-0.1999999999999993,0.12367590699690113
1046.0,8.0,67.29999999999998,0.12342855518290734
1047.0,7.0,55.69999999999996,0.12318169807254152
1048.0,3.0,18.999999999999993,0.12293533467639643
1049.0,3.0,19.299999999999997,0.12268946400704364
1050.0,4.0,27.999999999999993,0.12244408507902955
1051.0,1.0,-0.3999999999999986,0.1221991969088715
1052.0,6.0,46.89999999999996,0.12195479851505375
1053.0,9.0,76.70000000000002,0.12171088891802365
1054.0,8.0,66.5,0.1214674671401876
1055.0,4.0,27.899999999999984,0.12122453220590722
1056.0,4.0,28.299999999999983,0.1209820831414954
1057.0,0.0,-11.1,0.12074011897521242
1058.0,1.0,-0.3000000000000007,0.12049863873726199
1059.0,5.0,38.29999999999998,0.12025764145978747
1060.0,0.0,-10.3,0.1200171261768679
1061.0,8.0,64.80000000000003,0.11977709192451416
1062.0,8.0,67.20000000000002,0.11953753774066514
1063.0,4.0,28.69999999999999,0.1192984626651838
1064.0,1.0,-0.6999999999999993,0.11905986573985344
1065.0,0.0,-10.4,0.11882174600837374
1066.0,1.0,-0.8999999999999986,0.118584102516357
1067.0,3.0,18.899999999999995,0.11834693431132429
1068.0,2.0,9.400000000000002,0.11811024044270164
1069.0,6.0,47.19999999999997,0.11787401996181623
1070.0,8.0,65.80000000000001,0.1176382719218926
1071.0,3.0,19.099999999999994,0.11740299537804882
1072.0,5.0,37.79999999999999,0.11716818938729273
1073.0,11.0,94.30000000000015,0.11693385300851815
1074.0,5.0,36.59999999999996,0.11669998530250111
1075.0,8.0,66.29999999999998,0.1164665853318961
1076.0,7.0,57.39999999999998,0.11623365216123231
1077.0,7.0,56.69999999999996,0.11600118485690984
1078.0,2.0,8.899999999999999,0.11576918248719602
1079.0,5.0,38.09999999999999,0.11553764412222163
1080.0,8.0,65.80000000000005,0.11530656883397719
1081.0,10.0,83.90000000000018,0.11507595569630924
1082.0,7.0,55.99999999999997,0.11484580378491663
1083.0,12.0,105.2000000000001,0.1146161121773468
1084.0,9.0,76.50000000000006,0.1143868799529921
1085.0,8.0,68.1,0.11415810619308611
1086.0,12.0,105.20000000000013,0.11392978998069994
1087.0,4.0,28.599999999999994,0.11370193040073855
1088.0,4.0,28.19999999999998,0.11347452653993707
1089.0,9.0,74.90000000000012,0.1132475774868572
1090.0,11.0,95.90000000000003,0.11302108233188347
1091.0,2.0,9.400000000000002,0.11279504016721971
1092.0,2.0,9.5,0.11256945008688526
1093.0,12.0,105.10000000000011,0.1123443111867115
1094.0,8.0,65.60000000000005,0.11211962256433808
1095.0,6.0,47.49999999999998,0.1118953833192094
1096.0,7.0,56.99999999999997,0.11167159255257098
1097.0,3.0,19.399999999999995,0.11144824936746583
1098.0,2.0,9.299999999999997,0.1112253528687309
1099.0,3.0,18.999999999999993,0.11100290216299344
1100.0,4.0,28.099999999999987,0.11078089635866745
1101.0,2.0,9.099999999999994,0.11055933456595012
1102.0,6.0,47.59999999999997,0.11033821589681822
1103.0,2.0,9.0,0.11011753946502459
1104.0,4.0,28.59999999999998,0.10989730438609453
1105.0,9.0,75.70000000000005,0.10967750977732234
1106.0,1.0,-0.8999999999999968,0.1094581547577677
1107.0,0.0,-10.3,0.10923923844825216
1108.0,8.0,66.50000000000001,0.10902075997135566
1109.0,9.0,76.90000000000002,0.10880271845141294
1110.0,1.0,-0.09999999999999964,0.10858511301451011
1111.0,6.0,47.099999999999966,0.1083679427884811
1112.0,4.0,27.799999999999983,0.10815120690290413
1113.0,4.0,27.599999999999987,0.10793490448909832
1114.0,5.0,37.79999999999999,0.10771903468012012
1115.0,7.0,56.19999999999996,0.10750359661075988
1116.0,9.0,76.70000000000003,0.10728858941753835
1117.0,6.0,46.699999999999974,0.10707401223870328
1118.0,2.0,9.5,0.10685986421422587
1119.0,6.0,47.89999999999997,0.10664614448579741
1120.0,6.0,47.89999999999998,0.10643285219682581
1121.0,8.0,68.9,0.10621998649243217
1122.0,1.0,-0.40000000000000036,0.1060075465194473
1123.0,10.0,86.10000000000005,0.1057955314264084
1124.0,2.0,7.199999999999974,0.10558394036355559
1125.0,4.0,27.099999999999987,0.10537277248282848
1126.0,15.0,134.30000000000015,0.10516202693786282
1127.0,2.0,9.400000000000002,0.1049517028839871
1128.0,3.0,19.1,0.10474179947821913
1129.0,1.0,-0.6999999999999993,0.10453231587926269
1130.0,11.0,94.80000000000005,0.10432325124750416
1131.0,8.0,67.30000000000004,0.10411460474500915
1132.0,2.0,9.8,0.10390637553551914
1133.0,10.0,85.60000000000008,0.1036985627844481
1134.0,3.0,18.799999999999994,0.1034911656588792
1135.0,6.0,48.399999999999984,0.10328418332756144
1136.0,4.0,28.4,0.10307761496090631
1137.0,3.0,18.299999999999997,0.1028714597309845
1138.0,11.0,95.70000000000003,0.10266571681152252
1139.0,11.0,95.10000000000005,0.10246038537789948
1140.0,2.0,9.5,0.10225546460714367
1141.0,0.0,-10.2,0.10205095367792938
1142.0,8.0,65.79999999999998,0.10184685177057352
1143.0,2.0,9.100000000000001,0.10164315806703238
1144.0,6.0,47.39999999999998,0.10143987175089832
1145.0,10.0,87.00000000000003,0.10123699200739653
1146.0,9.0,76.90000000000002,0.10103451802338173
1147.0,9.0,75.59999999999997,0.10083244898733497
1148.0,9.0,76.60000000000001,0.1006307840893603
1149.0,5.0,38.899999999999984,0.10042952252118158
1150.0,7.0,58.599999999999994,0.10022866347613922
1151.0,2.0,9.099999999999987,0.10002820614918695
1152.0,12.0,105.60000000000005,0.09982814973688857
1153.0,7.0,56.599999999999966,0.0996284934374148
1154.0,2.0,8.599999999999987,0.09942923645053997
1155.0,10.0,83.10000000000008,0.0992303779776389
1156.0,8.0,65.40000000000003,0.09903191722168361
1157.0,4.0,27.799999999999976,0.09883385338724024
1158.0,19.0,171.60000000000034,0.09863618568046575
1159.0,11.0,96.60000000000011,0.09843891330910483
1160.0,5.0,37.299999999999976,0.09824203548248661
1161.0,13.0,112.4000000000002,0.09804555141152164
1162.0,6.0,46.89999999999997,0.09784946030869861
1163.0,8.0,66.40000000000002,0.09765376138808121
1164.0,7.0,57.39999999999998,0.09745845386530505
1165.0,6.0,48.79999999999999,0.09726353695757443
1166.0,10.0,86.90000000000005,0.09706900988365928
1167.0,2.0,9.600000000000001,0.09687487186389196
1168.0,0.0,-10.5,0.09668112212016418
1169.0,12.0,104.20000000000014,0.09648775987592385
1170.0,8.0,65.50000000000009,0.096294784356172
1171.0,7.0,57.19999999999996,0.09610219478745965
1172.0,6.0,48.19999999999998,0.09590999039788474
1173.0,6.0,47.09999999999997,0.09571817041708897
1174.0,5.0,38.499999999999986,0.09552673407625478
1175.0,0.0,-10.4,0.09533568060810227
1176.0,5.0,37.699999999999974,0.09514500924688607
1177.0,6.0,47.69999999999997,0.0949547192283923
1178.0,6.0,47.09999999999997,0.09476480978993551
1179.0,9.0,74.60000000000011,0.09457528017035564
1180.0,2.0,9.200000000000003,0.09438612961001493
1181.0,7.0,57.39999999999998,0.0941973573507949
1182.0,5.0,38.19999999999998,0.09400896263609332
1183.0,4.0,28.299999999999983,0.09382094471082113
1184.0,0.0,-10.4,0.09363330282139949
1185.0,4.0,28.89999999999999,0.09344603621575669
1186.0,12.0,103.50000000000028,0.09325914414332517
1187.0,7.0,56.199999999999974,0.09307262585503852
1188.0,12.0,104.40000000000015,0.09288648060332844
1189.0,5.0,38.19999999999998,0.09270070764212178
1190.0,6.0,45.399999999999956,0.09251530622683754
1191.0,5.0,38.499999999999986,0.09233027561438387
1192.0,3.0,19.199999999999996,0.09214561506315509
1193.0,12.0,105.60000000000014,0.09196132383302878
1194.0,7.0,57.80000000000001,0.09177740118536272
1195.0,15.0,132.00000000000028,0.09159384638299199
1196.0,9.0,76.70000000000002,0.09141065869022601
1197.0,3.0,17.499999999999993,0.09122783737284555
1198.0,11.0,95.00000000000009,0.09104538169809986
1199.0,3.0,18.499999999999993,0.09086329093470366
1200.0,10.0,86.10000000000005,0.09068156435283425
1201.0,4.0,28.89999999999999,0.09050020122412858
1202.0,4.0,28.39999999999999,0.09031920082168032
1203.0,5.0,38.399999999999984,0.09013856242003697
1204.0,10.0,85.7000000000001,0.0899582852951969
1205.0,7.0,56.20000000000002,0.0897783687246065
1206.0,6.0,47.099999999999966,0.08959881198715729
1207.0,4.0,29.299999999999997,0.08941961436318298
1208.0,6.0,47.59999999999998,0.0892407751344566
1209.0,9.0,74.10000000000001,0.0890622935841877
1210.0,5.0,38.89999999999999,0.08888416899701933
1211.0,7.0,57.29999999999998,0.08870640065902528
1212.0,10.0,86.10000000000005,0.08852898785770723
1213.0,8.0,65.4,0.08835192988199181
1214.0,6.0,46.799999999999976,0.08817522602222783
1215.0,4.0,27.799999999999983,0.08799887557018338
1216.0,3.0,18.899999999999995,0.08782287781904301
1217.0,2.0,9.399999999999999,0.08764723206340493
1218.0,12.0,107.60000000000002,0.08747193759927811
1219.0,8.0,65.40000000000002,0.08729699372407955
1220.0,7.0,57.49999999999997,0.08712239973663138
1221.0,8.0,66.10000000000005,0.08694815493715811
1222.0,1.0,-0.9999999999999982,0.0867742586272838
1223.0,4.0,28.899999999999984,0.08660071011002923
1224.0,5.0,37.399999999999984,0.08642750868980917
1225.0,4.0,27.69999999999998,0.08625465367242954
1226.0,6.0,48.59999999999999,0.08608214436508468
1227.0,5.0,37.59999999999997,0.08590998007635452
1228.0,3.0,18.599999999999987,0.0857381601162018
1229.0,5.0,37.39999999999997,0.0855666837959694
1230.0,2.0,9.100000000000001,0.08539555042837747
1231.0,8.0,67.5,0.08522475932752072
1232.0,6.0,46.59999999999996,0.08505430980886568
1233.0,5.0,38.599999999999994,0.08488420118924794
1234.0,1.0,-0.7999999999999972,0.08471443278686945
1235.0,4.0,28.39999999999999,0.08454500392129571
1236.0,8.0,68.19999999999999,0.08437591391345312
1237.0,3.0,18.799999999999997,0.0842071620856262
1238.0,7.0,57.099999999999994,0.08403874776145495
1239.0,10.0,85.00000000000003,0.08387067026593203
1240.0,1.0,-0.3000000000000007,0.08370292892540017
1241.0,10.0,84.60000000000012,0.08353552306754937
1242.0,6.0,47.199999999999974,0.08336845202141427
1243.0,2.0,9.3,0.08320171511737144
1244.0,7.0,57.29999999999998,0.0830353116871367
1245.0,14.0,123.30000000000021,0.08286924106376242
1246.0,3.0,18.69999999999999,0.08270350258163489
1247.0,6.0,48.29999999999998,0.08253809557647163
1248.0,12.0,107.0,0.08237301938531869
1249.0,8.0,65.90000000000003,0.08220827334654805
1250.0,7.0,57.499999999999986,0.08204385679985496
1251.0,6.0,48.19999999999998,0.08187976908625524
1252.0,2.0,9.099999999999994,0.08171600954808274
1253.0,4.0,28.499999999999986,0.08155257752898658
1254.0,6.0,47.199999999999974,0.0813894723739286
1255.0,10.0,84.60000000000008,0.08122669342918075
1256.0,2.0,9.5,0.08106424004232239
1257.0,12.0,105.30000000000008,0.08090211156223774
1258.0,15.0,132.60000000000016,0.08074030733911326
1259.0,4.0,28.79999999999999,0.08057882672443503
1260.0,8.0,67.6,0.08041766907098616
1261.0,8.0,66.5,0.08025683373284419
1262.0,4.0,28.199999999999996,0.08009632006537849
1263.0,4.0,29.19999999999999,0.07993612742524774
1264.0,6.0,47.699999999999974,0.07977625517039724
1265.0,5.0,38.29999999999999,0.07961670266005645
1266.0,5.0,37.29999999999998,0.07945746925473633
1267.0,6.0,47.799999999999976,0.07929855431622686
1268.0,12.0,106.10000000000005,0.0791399572075944
1269.0,8.0,66.20000000000005,0.0789816772931792
1270.0,6.0,47.299999999999976,0.07882371393859285
1271.0,6.0,48.09999999999999,0.07866606651071566
1272.0,10.0,84.80000000000013,0.07850873437769422
1273.0,2.0,9.0,0.07835171690893883
1274.0,12.0,106.10000000000004,0.07819501347512095
1275.0,6.0,46.69999999999997,0.07803862344817071
1276.0,8.0,65.70000000000003,0.07788254620127437
1277.0,4.0,27.999999999999986,0.07772678110887182
1278.0,12.0,104.10000000000007,0.07757132754665408
1279.0,4.0,28.599999999999987,0.07741618489156077
1280.0,4.0,28.79999999999999,0.07726135252177764
1281.0,2.0,8.899999999999999,0.07710682981673408
1282.0,7.0,57.099999999999966,0.07695261615710061
1283.0,6.0,47.899999999999984,0.0767987109247864
1284.0,13.0,114.60000000000007,0.07664511350293683
1285.0,7.0,56.00000000000003,0.07649182327593096
1286.0,2.0,8.499999999999993,0.0763388396293791
1287.0,6.0,46.89999999999998,0.07618616195012033
1288.0,5.0,37.79999999999998,0.0760337896262201
1289.0,8.0,66.40000000000002,0.07588172204696765
1290.0,17.0,151.40000000000035,0.07572995860287371
1291.0,2.0,9.600000000000001,0.07557849868566796
1292.0,4.0,28.099999999999994,0.07542734168829662
1293.0,11.0,94.00000000000014,0.07527648700492003
1294.0,15.0,133.4000000000002,0.07512593403091018
1295.0,6.0,47.89999999999998,0.07497568216284836
1296.0,5.0,37.79999999999998,0.07482573079852267
1297.0,10.0,85.30000000000004,0.07467607933692563
1298.0,15.0,134.70000000000013,0.07452672717825178
1299.0,6.0,46.79999999999996,0.07437767372389527
1300.0,7.0,56.20000000000002,0.07422891837644748
1301.0,9.0,74.80000000000004,0.07408046053969458
1302.0,5.0,37.899999999999984,0.0739322996186152
1303.0,10.0,87.40000000000006,0.07378443501937797
1304.0,6.0,47.299999999999976,0.07363686614933922
1305.0,6.0,48.399999999999984,0.07348959241704053
1306.0,7.0,57.80000000000001,0.07334261323220645
1307.0,1.0,-0.7999999999999989,0.07319592800574204
1308.0,6.0,48.89999999999999,0.07304953614973056
1309.0,13.0,113.9000000000002,0.0729034370774311
1310.0,7.0,57.29999999999998,0.07275763020327625
1311.0,9.0,77.60000000000002,0.07261211494286969
1312.0,10.0,84.20000000000014,0.07246689071298396
1313.0,2.0,8.899999999999999,0.07232195693155799
1314.0,3.0,18.999999999999993,0.07217731301769488
1315.0,8.0,65.89999999999999,0.07203295839165949
1316.0,3.0,18.89999999999999,0.07188889247487618
1317.0,2.0,9.000000000000004,0.07174511468992642
1318.0,11.0,95.90000000000006,0.07160162446054656
1319.0,2.0,8.599999999999994,0.07145842121162548
1320.0,2.0,9.3,0.07131550436920223
1321.0,6.0,46.999999999999964,0.07117287336046382
1322.0,12.0,105.2000000000001,0.0710305276137429
1323.0,1.0,-0.1999999999999993,0.07088846655851541
1324.0,11.0,96.30000000000001,0.07074668962539839
1325.0,10.0,86.60000000000011,0.0706051962461476
1326.0,2.0,9.5,0.0704639858536553
1327.0,6.0,46.89999999999996,0.070323057881948
1328.0,4.0,28.099999999999987,0.0701824117661841
1329.0,14.0,125.30000000000013,0.07004204694265173
1330.0,6.0,46.69999999999997,0.06990196284876643
1331.0,8.0,64.7000000000001,0.0697621589230689
1332.0,2.0,9.399999999999995,0.06962263460522276
1333.0,10.0,84.80000000000007,0.06948338933601232
1334.0,12.0,102.1000000000002,0.0693444225573403
1335.0,3.0,18.999999999999993,0.06920573371222562
1336.0,10.0,85.1000000000001,0.06906732224480117
1337.0,10.0,86.20000000000007,0.06892918760031157
1338.0,9.0,75.00000000000009,0.06879132922511094
1339.0,11.0,95.40000000000003,0.06865374656666072
1340.0,4.0,28.599999999999987,0.0685164390735274
1341.0,11.0,94.80000000000015,0.06837940619538035
1342.0,3.0,18.299999999999983,0.06824264738298959
1343.0,10.0,85.20000000000009,0.0681061620882236
1344.0,5.0,38.69999999999999,0.06796994976404716
1345.0,6.0,48.399999999999984,0.06783400986451907
1346.0,9.0,75.30000000000005,0.06769834184479002
1347.0,3.0,18.499999999999993,0.06756294516110044
1348.0,0.0,-10.4,0.06742781927077823
1349.0,0.0,-10.3,0.06729296363223668
1350.0,8.0,67.30000000000001,0.0671583777049722
1351.0,7.0,58.099999999999994,0.06702406094956226
1352.0,5.0,37.499999999999986,0.06689001282766313
1353.0,14.0,124.50000000000017,0.0667562328020078
1354.0,8.0,67.50000000000003,0.06662272033640379
1355.0,14.0,122.80000000000021,0.06648947489573098
1356.0,11.0,93.60000000000015,0.06635649594593952
1357.0,8.0,66.3,0.06622378295404764
1358.0,18.0,161.40000000000035,0.06609133538813955
1359.0,10.0,84.80000000000001,0.06595915271736327
1360.0,13.0,114.80000000000013,0.06582723441192855
1361.0,7.0,56.69999999999999,0.06569557994310468
1362.0,9.0,75.60000000000002,0.06556418878321847
1363.0,6.0,48.19999999999998,0.06543306040565204
1364.0,10.0,84.20000000000013,0.06530219428484074
1365.0,13.0,114.00000000000014,0.06517158989627106
1366.0,8.0,67.49999999999999,0.06504124671647851
1367.0,6.0,47.699999999999974,0.06491116422304556
1368.0,8.0,67.10000000000002,0.06478134189459947
1369.0,8.0,66.30000000000004,0.06465177921081026
1370.0,11.0,94.70000000000007,0.06452247565238864
1371.0,5.0,37.79999999999998,0.06439343070108386
1372.0,14.0,123.80000000000021,0.0642646438396817
1373.0,14.0,126.60000000000005,0.06413611455200233
1374.0,6.0,47.19999999999997,0.06400784232289833
1375.0,12.0,104.00000000000006,0.06387982663825253
1376.0,1.0,-0.29999999999999893,0.06375206698497603
1377.0,4.0,29.099999999999994,0.06362456285100608
1378.0,10.0,86.20000000000007,0.06349731372530407
1379.0,2.0,8.899999999999991,0.06337031909785346
1380.0,4.0,28.09999999999998,0.06324357845965775
1381.0,6.0,48.899999999999984,0.06311709130273843
1382.0,8.0,66.60000000000002,0.06299085712013296
1383.0,15.0,133.90000000000018,0.0628648754058927
1384.0,7.0,57.99999999999997,0.06273914565508092
1385.0,5.0,38.79999999999998,0.06261366736377075
1386.0,6.0,46.69999999999997,0.062488440029043205
1387.0,14.0,123.5000000000002,0.06236346314898512
1388.0,11.0,94.0000000000002,0.06223873622268715
1389.0,5.0,37.099999999999966,0.06211425875024178
1390.0,11.0,96.30000000000004,0.06199003023274129
1391.0,10.0,83.90000000000018,0.06186605017227581
1392.0,7.0,57.19999999999999,0.06174231807193126
1393.0,8.0,67.1,0.0616188334357874
1394.0,1.0,-0.5999999999999996,0.06149559576891582
1395.0,9.0,75.00000000000009,0.06137260457737799
1396.0,5.0,38.09999999999997,0.06124985936822323
1397.0,8.0,67.40000000000003,0.06112735964948679
1398.0,12.0,103.70000000000016,0.06100510493018781
1399.0,1.0,-0.09999999999999964,0.060883094720327435
1400.0,2.0,9.0,0.06076132853088678
1401.0,4.0,28.199999999999996,0.06063980587382501
1402.0,13.0,114.3000000000002,0.06051852626207736
1403.0,7.0,55.39999999999998,0.06039748920955321
1404.0,6.0,48.19999999999998,0.060276694231134104
1405.0,6.0,46.499999999999964,0.06015614084267183
1406.0,4.0,28.599999999999994,0.060035828560986486
1407.0,11.0,95.70000000000005,0.05991575690386451
1408.0,3.0,18.89999999999999,0.059795925390056785
1409.0,5.0,38.399999999999984,0.05967633353927667
1410.0,11.0,95.70000000000012,0.059556980872198115
1411.0,4.0,28.099999999999987,0.05943786691045372
1412.0,6.0,48.39999999999999,0.059318991176632814
1413.0,5.0,36.799999999999955,0.05920035319427955
1414.0,8.0,67.90000000000002,0.05908195248789099
1415.0,5.0,38.09999999999999,0.05896378858291521
1416.0,10.0,85.50000000000004,0.05884586100574938
1417.0,12.0,103.1000000000002,0.05872816928373788
1418.0,1.0,-0.3999999999999986,0.0586107129451704
1419.0,6.0,47.699999999999974,0.058493491519280065
1420.0,8.0,66.50000000000001,0.058376504536241505
1421.0,10.0,86.80000000000007,0.05825975152716902
1422.0,3.0,18.999999999999986,0.058143232024114685
1423.0,8.0,65.50000000000001,0.058026945560066455
1424.0,1.0,-0.29999999999999893,0.05791089166894632
1425.0,12.0,105.50000000000006,0.05779506988560843
1426.0,4.0,28.89999999999999,0.05767947974583722
1427.0,8.0,66.70000000000005,0.05756412078634554
1428.0,12.0,105.20000000000014,0.05744899254477285
1429.0,1.0,-0.5,0.0573340945596833
1430.0,10.0,87.00000000000004,0.05721942637056394
1431.0,13.0,114.2000000000001,0.05710498751782281
1432.0,5.0,37.79999999999998,0.05699077754278716
1433.0,3.0,19.5,0.05687679598770159
1434.0,10.0,84.8000000000001,0.05676304239572619
1435.0,1.0,-0.4999999999999982,0.05664951631093473
1436.0,2.0,9.100000000000001,0.056536217278312866
1437.0,3.0,18.9,0.05642314484375624
1438.0,12.0,104.5000000000001,0.05631029855406873
1439.0,9.0,77.40000000000003,0.056197677956960596
1440.0,11.0,96.30000000000007,0.05608528260104667
1441.0,1.0,-0.40000000000000036,0.055973112035844576
1442.0,6.0,47.59999999999997,0.05586116581177289
1443.0,2.0,8.79999999999999,0.05574944348014935
1444.0,1.0,-1.0999999999999979,0.05563794459318905
1445.0,1.0,-0.1999999999999993,0.05552666870400267
1446.0,8.0,66.69999999999999,0.055415615366594666
1447.0,9.0,76.30000000000004,0.05530478413586148
1448.0,13.0,114.80000000000017,0.05519417456758975
1449.0,9.0,77.50000000000001,0.05508378621845457
1450.0,5.0,38.49999999999999,0.05497361864601766
1451.0,14.0,123.70000000000016,0.054863671408725626
1452.0,6.0,47.099999999999966,0.054753944065908174
1453.0,13.0,115.10000000000016,0.054644436177776354
1454.0,9.0,75.10000000000008,0.0545351473054208
1455.0,13.0,115.50000000000011,0.05442607701080996
1456.0,13.0,117.00000000000006,0.05431722485678834
1457.0,2.0,9.5,0.054208590407074764
1458.0,9.0,75.9,0.054100173226260616
1459.0,8.0,67.10000000000007,0.053991972879808094
1460.0,7.0,56.49999999999997,0.05388398893404848
1461.0,11.0,96.80000000000001,0.053776220956180384
1462.0,11.0,95.60000000000005,0.05366866851426803
1463.0,6.0,48.49999999999999,0.05356133117723949
1464.0,9.0,77.50000000000003,0.05345420851488501
1465.0,5.0,37.09999999999998,0.053347300097855245
1466.0,5.0,38.09999999999997,0.053240605497659535
1467.0,9.0,76.6,0.05313412428666422
1468.0,4.0,28.19999999999998,0.05302785603809089
1469.0,11.0,95.40000000000006,0.052921800326014706
1470.0,9.0,77.20000000000002,0.05281595672536268
1471.0,11.0,95.60000000000014,0.05271032481191195
1472.0,12.0,106.10000000000005,0.05260490416228813
1473.0,7.0,58.29999999999998,0.05249969435396355
1474.0,6.0,48.69999999999999,0.052394694965255624
1475.0,10.0,87.50000000000003,0.05228990557532511
1476.0,12.0,103.40000000000015,0.052185325764174464
1477.0,6.0,47.799999999999976,0.05208095511264611
1478.0,5.0,38.29999999999999,0.05197679320242082
1479.0,5.0,38.49999999999999,0.05187283961601598
1480.0,13.0,115.60000000000005,0.051769093936783944
1481.0,7.0,57.19999999999999,0.05166555574891037
1482.0,7.0,57.099999999999966,0.05156222463741255
1483.0,11.0,96.20000000000006,0.05145910018813773
1484.0,9.0,76.90000000000003,0.05135618198776145
1485.0,5.0,36.59999999999998,0.05125346962378593
1486.0,8.0,66.00000000000009,0.05115096268453836
1487.0,6.0,48.59999999999998,0.05104866075916928
1488.0,12.0,106.70000000000007,0.05094656343765094
1489.0,12.0,104.20000000000013,0.050844670310775636
1490.0,6.0,47.799999999999976,0.05074298097015408
1491.0,8.0,66.89999999999999,0.05064149500821377
1492.0,5.0,38.29999999999999,0.05054021201819734
1493.0,10.0,85.50000000000009,0.05043913159416095
1494.0,13.0,113.7000000000002,0.050338253330972624
1495.0,10.0,84.00000000000011,0.05023757682431068
1496.0,10.0,83.90000000000015,0.05013710167066206
1497.0,13.0,115.50000000000009,0.05003682746732073
1498.0,13.0,116.20000000000006,0.04993675381238609
1499.0,6.0,48.299999999999976,0.04983688030476132
1500.0,10.0,87.60000000000002,0.0497372065441518
1501.0,4.0,28.099999999999987,0.0496377321310635
1502.0,9.0,76.4,0.04953845666680137
1503.0,10.0,84.80000000000005,0.04943937975346777
1504.0,9.0,76.19999999999997,0.04934050099396084
1505.0,6.0,47.39999999999998,0.04924181999197292
1506.0,7.0,57.39999999999998,0.049143336351988975
1507.0,9.0,75.30000000000007,0.049045049679285
1508.0,9.0,77.80000000000004,0.048946959579926425
1509.0,4.0,28.399999999999984,0.04884906566076657
1510.0,8.0,66.19999999999999,0.04875136752944504
1511.0,5.0,37.999999999999986,0.04865386479438615
1512.0,12.0,106.00000000000014,0.04855655706479738
1513.0,9.0,76.80000000000001,0.048459443950667785
1514.0,10.0,86.40000000000009,0.04836252506276645
1515.0,3.0,19.300000000000004,0.048265800012640914
1516.0,12.0,105.50000000000009,0.04816926841261563
1517.0,6.0,47.199999999999974,0.0480729298757904
1518.0,9.0,76.90000000000003,0.04797678401603882
1519.0,12.0,105.20000000000013,0.04788083044800674
1520.0,11.0,94.80000000000004,0.04778506878711073
1521.0,19.0,174.7000000000002,0.04768949864953651
1522.0,8.0,67.00000000000001,0.04759411965223744
1523.0,9.0,77.00000000000001,0.04749893141293297
1524.0,11.0,94.60000000000004,0.0474039335501071
1525.0,8.0,66.10000000000002,0.04730912568300689
1526.0,12.0,105.20000000000007,0.04721450743164087
1527.0,6.0,46.59999999999996,0.04712007841677759
1528.0,9.0,77.20000000000002,0.04702583825994403
1529.0,10.0,86.30000000000008,0.046931786583424145
1530.0,11.0,95.00000000000006,0.0468379230102573
1531.0,12.0,104.6000000000002,0.04674424716423679
1532.0,3.0,19.5,0.04665075866990831
1533.0,5.0,38.19999999999998,0.046557457152568496
1534.0,2.0,8.599999999999994,0.04646434223826336
1535.0,12.0,104.10000000000012,0.04637141355378683
1536.0,5.0,38.19999999999999,0.04627867072667925
1537.0,2.0,8.8,0.046186113385225894
1538.0,2.0,8.899999999999991,0.046093741158455444
1539.0,9.0,75.90000000000006,0.046001553676138535
1540.0,9.0,76.60000000000002,0.045909550568786255
1541.0,8.0,68.1,0.045817731467648684
1542.0,3.0,18.499999999999993,0.04572609600471338
1543.0,6.0,48.199999999999974,0.045634643812703955
1544.0,17.0,153.9000000000002,0.04554337452507855
1545.0,8.0,67.79999999999998,0.04545228777602839
1546.0,6.0,46.499999999999964,0.04536138320047633
1547.0,12.0,103.7000000000001,0.04527066043407538
1548.0,14.0,121.00000000000034,0.045180119113207226
1549.0,14.0,124.20000000000016,0.04508975887498081
1550.0,8.0,66.59999999999998,0.04499957935723085
1551.0,15.0,133.60000000000022,0.04490958019851639
1552.0,16.0,144.10000000000025,0.044819761038119355
1553.0,8.0,66.4,0.044730121516043116
1554.0,16.0,140.80000000000038,0.04464066127301103
1555.0,7.0,58.099999999999994,0.04455137995046501
1556.0,5.0,37.29999999999997,0.04446227719056408
1557.0,4.0,28.299999999999983,0.04437335263618295
1558.0,7.0,58.39999999999998,0.04428460593091058
1559.0,6.0,48.19999999999998,0.04419603671904876
1560.0,4.0,28.299999999999983,0.044107644645610664
1561.0,15.0,134.5000000000001,0.044019429356319445
1562.0,6.0,48.69999999999999,0.043931390497606804
1563.0,4.0,28.599999999999994,0.04384352771661159
1564.0,8.0,65.9,0.043755840661178366
1565.0,13.0,114.50000000000013,0.04366832897985601
1566.0,13.0,113.70000000000016,0.04358099232189629
1567.0,17.0,149.10000000000036,0.0434938303372525
1568.0,9.0,75.49999999999997,0.043406842676577996
1569.0,11.0,95.40000000000012,0.04332002899122484
1570.0,5.0,37.79999999999998,0.04323338893324239
1571.0,7.0,58.099999999999994,0.043146922155375904
1572.0,15.0,134.40000000000015,0.04306062831106515
1573.0,9.0,76.70000000000003,0.04297450705444302
1574.0,11.0,94.30000000000014,0.04288855804033413
1575.0,8.0,65.10000000000008,0.042802780924253464
1576.0,7.0,55.80000000000004,0.042717175362404956
1577.0,5.0,37.199999999999974,0.042631741011680144
1578.0,0.0,-10.4,0.04254647752965678
1579.0,6.0,47.499999999999964,0.04246138457459747
1580.0,13.0,113.60000000000022,0.042376461805448275
1581.0,15.0,131.1000000000002,0.04229170888183738
1582.0,10.0,85.50000000000003,0.0422071254640737
1583.0,1.0,-0.5999999999999996,0.04212271121314556
1584.0,11.0,95.10000000000011,0.042038465790719265
1585.0,6.0,47.699999999999974,0.041954388859137826
1586.0,8.0,67.6,0.04187048008141955
1587.0,14.0,124.20000000000016,0.041786739121256716
1588.0,8.0,65.0,0.041703165643014205
1589.0,13.0,114.0000000000002,0.04161975931172818
1590.0,5.0,38.199999999999974,0.04153651979310472
1591.0,2.0,8.899999999999991,0.04145344675351851
1592.0,13.0,113.80000000000017,0.04137053986001147
1593.0,11.0,97.5,0.04128779878029144
1594.0,0.0,-10.4,0.04120522318273086
1595.0,5.0,38.399999999999984,0.041122812736365394
1596.0,4.0,27.899999999999984,0.04104056711089266
1597.0,14.0,124.4000000000002,0.04095848597667088
1598.0,13.0,115.60000000000008,0.04087656900471754
1599.0,8.0,66.69999999999999,0.040794815866708106
1600.0,4.0,28.299999999999983,0.04071322623497469
1601.0,8.0,66.30000000000004,0.04063179978250474
1602.0,3.0,18.699999999999992,0.04055053618293973
1603.0,8.0,67.39999999999999,0.040469435110573854
1604.0,6.0,47.29999999999997,0.040388496240352706
1605.0,6.0,47.29999999999997,0.040307719247872
1606.0,17.0,154.00000000000014,0.040227103809376254
1607.0,9.0,77.60000000000002,0.040146649601757504
1608.0,16.0,141.4000000000003,0.040066356302553986
1609.0,8.0,67.1,0.039986223589948876
1610.0,4.0,28.49999999999998,0.03990625114276898
1611.0,8.0,68.1,0.03982643864048344
1612.0,15.0,134.00000000000017,0.03974678576320247
1613.0,6.0,47.099999999999966,0.03966729219167607
1614.0,14.0,121.20000000000022,0.039587957607292716
1615.0,10.0,85.60000000000005,0.03950878169207813
1616.0,14.0,124.80000000000015,0.03942976412869397
1617.0,9.0,75.30000000000007,0.03935090460043658
1618.0,15.0,134.40000000000012,0.03927220279123571
1619.0,8.0,66.40000000000003,0.03919365838565324
1620.0,10.0,85.60000000000011,0.03911527106888193
1621.0,12.0,101.80000000000027,0.039037040526744164
1622.0,13.0,113.20000000000022,0.038958966445690676
1623.0,6.0,44.59999999999993,0.0388810485127993
1624.0,10.0,85.00000000000003,0.0388032864157737
1625.0,7.0,56.79999999999998,0.03872567984294215
1626.0,16.0,142.9000000000002,0.03864822848325627
1627.0,2.0,9.199999999999996,0.03857093202628976
1628.0,7.0,57.59999999999998,0.038493790162237175
1629.0,12.0,104.80000000000007,0.0384168025819127
1630.0,11.0,94.00000000000017,0.03833996897674887
1631.0,1.0,-0.7999999999999972,0.038263289038795376
1632.0,1.0,-0.3999999999999986,0.03818676246071778
1633.0,13.0,111.70000000000024,0.038110388935796345
1634.0,8.0,66.1,0.03803416815792475
1635.0,2.0,9.7,0.0379580998216089
1636.0,8.0,67.80000000000003,0.03788218362196568
1637.0,10.0,85.50000000000011,0.03780641925472175
1638.0,12.0,103.80000000000015,0.037730806416212306
1639.0,6.0,47.49999999999997,0.037655344803379884
1640.0,10.0,84.90000000000012,0.03758003411377312
1641.0,10.0,86.3000000000001,0.037504874045545575
1642.0,1.0,-0.9999999999999982,0.037429864297454485
1643.0,4.0,28.699999999999996,0.037355004568859575
1644.0,8.0,67.29999999999998,0.03728029455972186
1645.0,6.0,45.99999999999995,0.037205733970602416
1646.0,16.0,142.60000000000014,0.03713132250266121
1647.0,5.0,38.39999999999998,0.03705705985765589
1648.0,2.0,9.8,0.03698294573794057
1649.0,4.0,29.099999999999994,0.03690897984646469
1650.0,4.0,28.999999999999993,0.036835161886771765
1651.0,10.0,86.1000000000001,0.036761491562998225
1652.0,11.0,96.50000000000004,0.03668796857987223
1653.0,3.0,18.49999999999999,0.03661459264271248
1654.0,7.0,57.20000000000002,0.036541363457427055
1655.0,9.0,76.30000000000004,0.0364682807305122
1656.0,7.0,56.599999999999966,0.03639534416905117
1657.0,10.0,87.40000000000002,0.03632255348071307
1658.0,11.0,96.39999999999998,0.03624990837375164
1659.0,8.0,66.9,0.03617740855700413
1660.0,7.0,57.8,0.036105053739890126
1661.0,7.0,56.79999999999997,0.03603284363241035
1662.0,11.0,95.8000000000001,0.03596077794514553
1663.0,6.0,48.99999999999999,0.03588885638925524
1664.0,7.0,58.099999999999994,0.03581707867647673
1665.0,7.0,55.69999999999999,0.03574544451912378
1666.0,4.0,28.69999999999999,0.035673953630085534
1667.0,18.0,159.40000000000043,0.035602605722825365
1668.0,12.0,107.10000000000008,0.035531400511379714
1669.0,8.0,66.30000000000003,0.035460337710356955
1670.0,10.0,84.50000000000014,0.03538941703493624
1671.0,14.0,124.90000000000009,0.03531863820086637
1672.0,8.0,66.40000000000006,0.03524800092446464
1673.0,5.0,38.39999999999998,0.03517750492261571
1674.0,11.0,96.2000000000001,0.03510714991277048
1675.0,13.0,115.50000000000009,0.03503693561294494
1676.0,2.0,9.700000000000003,0.034966861741719056
1677.0,9.0,77.10000000000004,0.034896928018235615
1678.0,6.0,47.59999999999997,0.034827134162199146
1679.0,6.0,47.39999999999998,0.034757479893874746
1680.0,14.0,123.1000000000002,0.034687964934087
1681.0,9.0,76.00000000000003,0.034618589004218825
1682.0,8.0,66.80000000000001,0.034549351826210384
1683.0,5.0,37.399999999999984,0.034480253122557966
1684.0,2.0,9.499999999999996,0.03441129261631285
1685.0,6.0,47.699999999999974,0.03434247003108023
1686.0,10.0,84.90000000000012,0.03427378509101807
1687.0,17.0,152.90000000000023,0.034205237520836033
1688.0,6.0,46.09999999999995,0.03413682704579436
1689.0,9.0,76.20000000000002,0.034068553391702776
1690.0,10.0,85.89999999999999,0.03400041628491937
1691.0,8.0,66.10000000000005,0.03393241545234953
1692.0,6.0,48.09999999999998,0.03386455062144483
1693.0,10.0,85.8000000000001,0.03379682152020194
1694.0,10.0,84.90000000000018,0.03372922787716154
1695.0,14.0,124.90000000000018,0.033661769421407216
1696.0,2.0,9.5,0.033594445882564404
1697.0,2.0,9.499999999999996,0.033527256990799274
1698.0,13.0,115.30000000000008,0.03346020247681768
1699.0,13.0,112.60000000000026,0.03339328207186404
1700.0,9.0,76.5,0.03332649550772031
1701.0,1.0,-0.3000000000000007,0.033259842516704864
1702.0,9.0,77.20000000000002,0.03319332283167145
1703.0,8.0,67.00000000000006,0.03312693618600811
1704.0,1.0,-0.40000000000000036,0.03306068231363609
1705.0,12.0,104.2000000000001,0.032994560949008815
1706.0,6.0,47.69999999999998,0.0329285718271108
1707.0,4.0,29.19999999999999,0.03286271468345658
1708.0,15.0,136.60000000000008,0.032796989254089665
1709.0,6.0,47.99999999999998,0.032731395275581485
1710.0,11.0,96.90000000000003,0.03266593248503032
1711.0,12.0,105.80000000000007,0.03260060062006026
1712.0,13.0,115.20000000000016,0.03253539941882014
1713.0,12.0,104.30000000000015,0.032470328619982496
1714.0,11.0,95.2000000000001,0.03240538796274253
1715.0,14.0,121.7000000000003,0.03234057718681705
1716.0,4.0,28.499999999999993,0.032275896032443414
1717.0,1.0,-0.1999999999999993,0.032211344240378526
1718.0,1.0,-0.3999999999999986,0.032146921551897766
1719.0,4.0,29.29999999999999,0.03208262770879397
1720.0,4.0,28.09999999999998,0.03201846245337638
1721.0,11.0,95.50000000000006,0.03195442552846963
1722.0,6.0,48.19999999999999,0.03189051667741269
1723.0,6.0,47.89999999999998,0.031826735644057864
1724.0,14.0,123.30000000000018,0.03176308217276975
1725.0,10.0,84.90000000000012,0.03169955600842421
1726.0,3.0,19.6,0.031636156896407364
1727.0,12.0,105.00000000000011,0.03157288458261455
1728.0,6.0,47.199999999999974,0.03150973881344932
1729.0,18.0,163.30000000000013,0.031446719335822416
1730.0,7.0,56.29999999999998,0.031383825897150774
1731.0,9.0,75.10000000000008,0.03132105824535647
1732.0,12.0,103.60000000000015,0.031258416128865756
1733.0,16.0,142.60000000000028,0.031195899296608025
1734.0,5.0,38.09999999999999,0.031133507498014808
1735.0,7.0,55.599999999999994,0.031071240483018778
1736.0,14.0,123.5000000000002,0.03100909800205274
1737.0,8.0,67.00000000000003,0.030947079806048633
1738.0,7.0,57.099999999999994,0.030885185646436535
1739.0,11.0,95.30000000000013,0.03082341527514366
1740.0,12.0,103.50000000000024,0.030761768444593374
1741.0,8.0,66.80000000000001,0.030700244907704188
1742.0,5.0,38.49999999999999,0.030638844417888778
1743.0,15.0,135.00000000000017,0.030577566729053
1744.0,8.0,67.00000000000003,0.030516411595594893
1745.0,18.0,163.50000000000017,0.0304553787724037
1746.0,11.0,95.90000000000003,0.030394468014858893
1747.0,3.0,18.89999999999999,0.030333679078829175
1748.0,4.0,27.599999999999987,0.030273011720671518
1749.0,13.0,113.70000000000024,0.030212465697230174
1750.0,12.0,105.7000000000001,0.030152040765835712
1751.0,10.0,87.10000000000008,0.03009173668430404
1752.0,8.0,66.9,0.030031553210935435
1753.0,3.0,18.799999999999997,0.029971490104513564
1754.0,9.0,76.00000000000006,0.029911547124304536
1755.0,12.0,105.60000000000008,0.029851724030055926
1756.0,11.0,96.10000000000004,0.029792020581995815
1757.0,14.0,124.10000000000016,0.029732436540831825
1758.0,5.0,38.09999999999998,0.02967297166775016
1759.0,2.0,9.399999999999999,0.02961362572441466
1760.0,2.0,9.5,0.029554398472965832
1761.0,12.0,102.60000000000024,0.0294952896760199
1762.0,1.0,-0.09999999999999964,0.02943629909666786
1763.0,9.0,75.30000000000001,0.029377426498474524
1764.0,12.0,104.10000000000015,0.029318671645477575
1765.0,5.0,37.199999999999974,0.02926003430218662
1766.0,1.0,-0.3000000000000007,0.02920151423358225
1767.0,6.0,48.09999999999999,0.029143111205115084
1768.0,11.0,95.90000000000003,0.029084824982704854
1769.0,7.0,55.89999999999998,0.029026655332739446
1770.0,9.0,77.10000000000007,0.028968602022073967
1771.0,9.0,76.40000000000003,0.02891066481802982
1772.0,12.0,103.60000000000016,0.02885284348839376
1773.0,14.0,124.2000000000001,0.028795137801416973
1774.0,13.0,113.80000000000013,0.028737547525814137
1775.0,7.0,57.39999999999998,0.02868007243076251
1776.0,16.0,143.3000000000002,0.028622712285900985
1777.0,10.0,85.30000000000007,0.028565466861329183
1778.0,11.0,94.10000000000008,0.028508335927606526
1779.0,10.0,87.00000000000003,0.02845131925575131
1780.0,13.0,114.60000000000011,0.02839441661723981
1781.0,9.0,75.80000000000003,0.02833762778400533
1782.0,12.0,105.60000000000008,0.02828095252843732
1783.0,3.0,18.49999999999999,0.028224390623380446
1784.0,7.0,55.60000000000002,0.028167941842133684
1785.0,8.0,66.5,0.02811160595844942
1786.0,7.0,56.89999999999998,0.02805538274653252
1787.0,11.0,94.70000000000017,0.027999271981039454
1788.0,15.0,134.0000000000002,0.027943273437077375
1789.0,19.0,171.4000000000003,0.02788738689020322
1790.0,11.0,93.80000000000021,0.027831612116422814
1791.0,13.0,115.30000000000005,0.02777594889218997
1792.0,12.0,103.30000000000014,0.02772039699440559
1793.0,9.0,75.9,0.027664956200416778
1794.0,8.0,66.70000000000002,0.027609626288015943
1795.0,7.0,57.999999999999986,0.02755440703543991
1796.0,26.0,234.80000000000067,0.027499298221369033
1797.0,6.0,47.299999999999976,0.027444299624926293
1798.0,14.0,123.90000000000015,0.02738941102567644
1799.0,3.0,18.399999999999984,0.027334632203625087
1800.0,6.0,47.99999999999998,0.027279962939217837
1801.0,13.0,115.40000000000012,0.0272254030133394
1802.0,15.0,131.90000000000032,0.02717095220731272
1803.0,14.0,124.40000000000018,0.027116610302898095
1804.0,9.0,76.6,0.0270623770822923
1805.0,12.0,105.00000000000003,0.027008252328127716
1806.0,13.0,115.30000000000013,0.02695423582347146
1807.0,11.0,95.60000000000008,0.02690032735182452
1808.0,1.0,-0.3000000000000007,0.02684652669712087
1809.0,7.0,56.99999999999997,0.02679283364372663
1810.0,8.0,68.79999999999998,0.026739247976439177
1811.0,6.0,46.99999999999997,0.026685769480486298
1812.0,9.0,75.70000000000002,0.026632397941525325
1813.0,8.0,67.90000000000002,0.026579133145642274
1814.0,4.0,27.699999999999967,0.02652597487935099
1815.0,12.0,105.10000000000011,0.026472922929592288
1816.0,8.0,67.10000000000002,0.026419977083733105
1817.0,15.0,134.30000000000018,0.02636713712956564
1818.0,19.0,172.40000000000035,0.026314402855306507
1819.0,14.0,124.00000000000014,0.026261774049595895
1820.0,5.0,37.29999999999997,0.0262092505014967
1821.0,4.0,28.69999999999999,0.026156832000493707
1822.0,6.0,47.599999999999966,0.02610451833649272
1823.0,12.0,105.30000000000007,0.026052309299819734
1824.0,8.0,67.40000000000003,0.026000204681220093
1825.0,5.0,37.39999999999997,0.025948204271857653
1826.0,11.0,95.70000000000005,0.025896307863313938
1827.0,8.0,66.90000000000003,0.02584451524758731
1828.0,8.0,67.89999999999998,0.025792826217092137
1829.0,11.0,95.30000000000007,0.025741240564657954
1830.0,12.0,106.40000000000009,0.02568975808352864
1831.0,8.0,65.60000000000002,0.02563837856736158
1832.0,5.0,38.59999999999999,0.02558710181022686
1833.0,10.0,86.30000000000007,0.025535927606606404
1834.0,3.0,19.2,0.02548485575139319
1835.0,5.0,37.099999999999966,0.025433886039890406
1836.0,4.0,27.899999999999977,0.025383018267810625
1837.0,12.0,103.20000000000016,0.025332252231275002
1838.0,3.0,18.699999999999996,0.02528158772681245
1839.0,4.0,28.19999999999999,0.025231024551358828
1840.0,7.0,57.19999999999999,0.025180562502256112
1841.0,11.0,95.90000000000009,0.0251302013772516
1842.0,10.0,86.90000000000006,0.025079940974497096
1843.0,9.0,75.9,0.025029781092548102
1844.0,10.0,86.80000000000005,0.024979721530363007
1845.0,9.0,78.3,0.02492976208730228
1846.0,12.0,104.80000000000013,0.024879902563127675
1847.0,9.0,76.10000000000002,0.02483014275800142
1848.0,13.0,116.70000000000005,0.02478048247248542
1849.0,7.0,57.59999999999998,0.024730921507540447
1850.0,6.0,46.799999999999976,0.024681459664525365
1851.0,3.0,18.29999999999999,0.024632096745196314
1852.0,9.0,75.9,0.02458283255170592
1853.0,13.0,113.30000000000022,0.02453366688660251
1854.0,9.0,76.80000000000001,0.024484599552829306
1855.0,11.0,93.70000000000013,0.024435630353723647
1856.0,6.0,47.699999999999974,0.0243867590930162
1857.0,11.0,93.80000000000013,0.02433798557483017
1858.0,8.0,67.40000000000002,0.02428930960368051
1859.0,9.0,76.29999999999998,0.02424073098447315
1860.0,17.0,152.3000000000003,0.024192249522504206
1861.0,8.0,65.70000000000005,0.024143865023459197
1862.0,6.0,48.19999999999999,0.024095577293412277
1863.0,12.0,105.60000000000007,0.02404738613882545
1864.0,10.0,84.80000000000013,0.0239992913665478
1865.0,11.0,94.70000000000013,0.023951292783814707
1866.0,16.0,143.2000000000002,0.02390339019824708
1867.0,9.0,75.50000000000009,0.023855583417850584
1868.0,13.0,114.10000000000018,0.023807872251014883
1869.0,11.0,94.40000000000012,0.023760256506512853
1870.0,18.0,161.2000000000003,0.023712735993499826
1871.0,6.0,47.49999999999997,0.023665310521512828
1872.0,10.0,86.00000000000009,0.023617979900469804
1873.0,11.0,95.80000000000007,0.023570743940668864
1874.0,11.0,96.8000000000001,0.023523602452787527
1875.0,3.0,18.9,0.02347655524788195
1876.0,12.0,105.80000000000007,0.023429602137386187
1877.0,16.0,143.20000000000013,0.023382742933111413
1878.0,12.0,105.50000000000013,0.02333597744724519
1879.0,9.0,77.09999999999998,0.023289305492350698
1880.0,8.0,66.19999999999999,0.023242726881365996
1881.0,8.0,66.5,0.023196241427603265
1882.0,6.0,48.69999999999999,0.023149848944748058
1883.0,7.0,57.099999999999966,0.023103549246858562
1884.0,13.0,116.8000000000001,0.023057342148364846
1885.0,6.0,46.39999999999996,0.023011227464068116
1886.0,12.0,104.30000000000011,0.02296520500913998
1887.0,13.0,116.20000000000005,0.0229192745991217
1888.0,8.0,66.80000000000001,0.022873436049923458
1889.0,11.0,96.20000000000007,0.02282768917782361
1890.0,3.0,19.599999999999994,0.022782033799467964
1891.0,13.0,112.80000000000018,0.02273646973186903
1892.0,6.0,46.99999999999997,0.022690996792405292
1893.0,12.0,103.60000000000008,0.02264561479882048
1894.0,12.0,104.6000000000002,0.022600323569222838
1895.0,23.0,209.80000000000035,0.022555122922084392
1896.0,8.0,67.29999999999998,0.022510012676240223
1897.0,5.0,37.89999999999998,0.022464992650887743
1898.0,12.0,103.30000000000014,0.022420062665585966
1899.0,4.0,28.099999999999994,0.022375222540254792
1900.0,10.0,84.40000000000015,0.022330472095174282
1901.0,9.0,76.69999999999999,0.022285811150983933
1902.0,14.0,123.30000000000018,0.022241239528681966
1903.0,5.0,38.29999999999998,0.0221967570496246
1904.0,14.0,123.20000000000019,0.02215236353552535
1905.0,13.0,113.90000000000016,0.0221080588084543
1906.0,9.0,75.5,0.02206384269083739
1907.0,9.0,76.10000000000008,0.022019715005455714
1908.0,16.0,143.0000000000003,0.021975675575444803
1909.0,15.0,131.20000000000036,0.021931724224293913
1910.0,6.0,48.19999999999998,0.021887860775845324
1911.0,8.0,66.50000000000003,0.021844085054293635
1912.0,10.0,86.70000000000005,0.021800396884185048
1913.0,10.0,84.90000000000013,0.021756796090416676
1914.0,13.0,115.60000000000011,0.021713282498235842
1915.0,12.0,104.50000000000009,0.02166985593323937
1916.0,3.0,19.799999999999997,0.02162651622137289
1917.0,8.0,65.00000000000009,0.021583263188930144
1918.0,13.0,114.60000000000011,0.021540096662552286
1919.0,13.0,115.00000000000013,0.021497016469227182
1920.0,9.0,77.30000000000003,0.021454022436288727
1921.0,10.0,85.60000000000008,0.021411114391416148
1922.0,11.0,95.60000000000011,0.021368292162633317
1923.0,1.0,-0.29999999999999893,0.02132555557830805
1924.0,6.0,48.69999999999998,0.021282904467151434
1925.0,15.0,135.80000000000015,0.02124033865821713
1926.0,8.0,67.1,0.021197857980900698
1927.0,13.0,114.10000000000016,0.021155462264938897
1928.0,9.0,77.4,0.02111315134040902
1929.0,8.0,65.99999999999997,0.021070925037728203
1930.0,7.0,56.99999999999997,0.021028783187652746
1931.0,14.0,124.60000000000016,0.02098672562127744
1932.0,0.0,-10.4,0.020944752170034886
1933.0,6.0,48.29999999999998,0.020902862665694816
1934.0,7.0,57.89999999999999,0.020861056940363425
1935.0,5.0,37.79999999999998,0.0208193348264827
1936.0,8.0,67.20000000000007,0.020777696156829735
1937.0,11.0,95.10000000000016,0.020736140764516076
1938.0,13.0,113.1000000000002,0.020694668482987042
1939.0,15.0,132.50000000000017,0.020653279146021067
1940.0,15.0,130.80000000000035,0.020611972587729024
1941.0,2.0,9.2,0.020570748642553566
1942.0,18.0,161.8000000000003,0.02052960714526846
1943.0,13.0,113.7000000000002,0.020488547930977923
1944.0,8.0,66.10000000000002,0.020447570835115968
1945.0,16.0,140.60000000000036,0.020406675693445734
1946.0,10.0,85.60000000000008,0.02036586234205884
1947.0,1.0,-0.1999999999999993,0.020325130617374725
1948.0,13.0,115.4000000000001,0.020284480356139976
1949.0,8.0,65.10000000000002,0.020243911395427697
1950.0,6.0,47.79999999999998,0.020203423572636842
1951.0,6.0,48.399999999999984,0.02016301672549157
1952.0,11.0,96.00000000000006,0.020122690692040587
1953.0,13.0,113.70000000000022,0.020082445310656505
1954.0,10.0,84.50000000000006,0.020042280420035193
1955.0,6.0,47.899999999999984,0.02000219585919512
1956.0,11.0,94.80000000000011,0.02
1957.0,12.0,105.2000000000001,0.02
1958.0,4.0,28.599999999999987,0.02
1959.0,14.0,125.90000000000015,0.02
1960.0,2.0,9.5,0.02
1961.0,7.0,57.099999999999966,0.02
1962.0,5.0,38.599999999999994,0.02
1963.0,13.0,115.90000000000009,0.02
1964.0,14.0,124.00000000000014,0.02
1965.0,11.0,93.90000000000015,0.02
1966.0,16.0,144.0000000000002,0.02
1967.0,4.0,28.499999999999993,0.02
1968.0,8.0,66.40000000000003,0.02
1969.0,10.0,88.10000000000002,0.02
1970.0,13.0,111.70000000000026,0.02
1971.0,9.0,76.4,0.02
1972.0,2.0,9.0,0.02
1973.0,4.0,28.79999999999999,0.02
1974.0,12.0,106.20000000000005,0.02
1975.0,12.0,104.7000000000001,0.02
1976.0,8.0,68.1,0.02
1977.0,9.0,75.40000000000009,0.02
1978.0,8.0,65.10000000000002,0.02
1979.0,6.0,48.499999999999986,0.02
1980.0,8.0,66.80000000000001,0.02
1981.0,7.0,56.900000000000034,0.02
1982.0,7.0,57.599999999999994,0.02
1983.0,21.0,191.30000000000032,0.02
1984.0,9.0,76.10000000000005,0.02
1985.0,15.0,134.70000000000013,0.02
1986.0,8.0,67.00000000000003,0.02
1987.0,15.0,133.10000000000016,0.02
1988.0,20.0,183.90000000000026,0.02
1989.0,5.0,37.49999999999999,0.02
1990.0,8.0,66.6,0.02
1991.0,14.0,125.30000000000015,0.02
1992.0,8.0,67.1,0.02
1993.0,6.0,47.999999999999986,0.02
1994.0,14.0,122.60000000000025,0.02
1995.0,10.0,84.70000000000005,0.02
1996.0,4.0,28.79999999999999,0.02
1997.0,6.0,47.39999999999997,0.02
1998.0,9.0,76.90000000000003,0.02
1999.0,14.0,122.30000000000018,0.02
2000.0,4.0,29.099999999999994,0.02
2001.0,10.0,87.80000000000001,0.02
2002.0,10.0,87.89999999999999,0.02
2003.0,14.0,123.90000000000012,0.02
2004.0,10.0,86.4,0.02
2005.0,17.0,152.40000000000023,0.02
2006.0,7.0,56.49999999999997,0.02
2007.0,14.0,125.10000000000011,0.02
2008.0,13.0,114.60000000000011,0.02
2009.0,8.0,67.00000000000006,0.02
2010.0,10.0,87.70000000000002,0.02
2011.0,1.0,-0.40000000000000036,0.02
2012.0,6.0,47.19999999999997,0.02
2013.0,8.0,68.09999999999998,0.02
2014.0,16.0,142.90000000000026,0.02
2015.0,9.0,77.90000000000002,0.02
2016.0,12.0,103.50000000000023,0.02
2017.0,13.0,115.3000000000001,0.02
2018.0,4.0,29.29999999999999,0.02
2019.0,13.0,116.90000000000005,0.02
2020.0,11.0,94.80000000000004,0.02
2021.0,8.0,66.49999999999999,0.02
2022.0,19.0,172.60000000000025,0.02
2023.0,18.0,163.90000000000018,0.02
2024.0,8.0,68.19999999999999,0.02
2025.0,8.0,67.70000000000002,0.02
2026.0,12.0,103.9000000000002,0.02
2027.0,19.0,172.30000000000027,0.02
2028.0,9.0,75.90000000000009,0.02
2029.0,14.0,125.50000000000011,0.02
2030.0,12.0,105.2000000000001,0.02
2031.0,14.0,123.90000000000018,0.02
2032.0,11.0,94.60000000000007,0.02
2033.0,2.0,9.400000000000002,0.02
2034.0,22.0,200.20000000000036,0.02
2035.0,8.0,66.90000000000003,0.02
2036.0,8.0,65.79999999999995,0.02
2037.0,14.0,125.70000000000013,0.02
2038.0,13.0,115.50000000000006,0.02
2039.0,10.0,86.80000000000008,0.02
2040.0,14.0,124.80000000000015,0.02
2041.0,14.0,123.30000000000024,0.02
2042.0,8.0,66.79999999999995,0.02
2043.0,8.0,66.30000000000003,0.02
2044.0,11.0,97.10000000000002,0.02
2045.0,1.0,-0.29999999999999893,0.02
2046.0,11.0,95.40000000000008,0.02
2047.0,13.0,114.6000000000002,0.02
2048.0,15.0,132.30000000000024,0.02
2049.0,16.0,140.50000000000034,0.02
2050.0,20.0,180.20000000000041,0.02
2051.0,11.0,96.30000000000007,0.02
2052.0,7.0,57.599999999999994,0.02
2053.0,12.0,103.90000000000015,0.02
2054.0,12.0,105.60000000000008,0.02
2055.0,14.0,126.10000000000002,0.02
2056.0,8.0,66.40000000000003,0.02
2057.0,11.0,95.50000000000006,0.02
2058.0,12.0,105.90000000000009,0.02
2059.0,16.0,139.60000000000042,0.02
2060.0,12.0,104.8000000000001,0.02
2061.0,18.0,159.0000000000004,0.02
2062.0,12.0,105.60000000000011,0.02
2063.0,6.0,47.39999999999996,0.02
2064.0,13.0,113.00000000000023,0.02
2065.0,2.0,9.5,0.02
2066.0,10.0,86.50000000000001,0.02
2067.0,6.0,47.699999999999974,0.02
2068.0,14.0,125.40000000000015,0.02
2069.0,14.0,124.90000000000012,0.02
2070.0,14.0,123.40000000000018,0.02
2071.0,10.0,84.3000000000001,0.02
2072.0,10.0,87.2000000000001,0.02
2073.0,9.0,75.5,0.02
2074.0,12.0,105.60000000000014,0.02
2075.0,12.0,104.7000000000001,0.02
2076.0,14.0,125.90000000000009,0.02
2077.0,10.0,84.8000000000001,0.02
2078.0,6.0,47.29999999999997,0.02
2079.0,11.0,95.10000000000011,0.02
2080.0,15.0,133.6000000000002,0.02
2081.0,10.0,84.9000000000001,0.02
2082.0,13.0,112.70000000000016,0.02
2083.0,17.0,150.20000000000036,0.02
2084.0,3.0,19.6,0.02
2085.0,11.0,94.30000000000014,0.02
2086.0,8.0,67.50000000000001,0.02
2087.0,15.0,136.10000000000008,0.02
2088.0,9.0,76.90000000000002,0.02
2089.0,14.0,122.9000000000002,0.02
2090.0,15.0,131.5000000000002,0.02
2091.0,12.0,104.70000000000007,0.02
2092.0,7.0,57.30000000000001,0.02
2093.0,6.0,48.79999999999999,0.02
2094.0,10.0,86.00000000000006,0.02
2095.0,12.0,106.40000000000005,0.02
2096.0,10.0,86.0,0.02
2097.0,6.0,48.19999999999998,0.02
2098.0,12.0,106.50000000000009,0.02
2099.0,4.0,28.69999999999999,0.02
2100.0,14.0,122.60000000000028,0.02
2101.0,13.0,112.70000000000019,0.02
2102.0,11.0,96.70000000000005,0.02
2103.0,6.0,47.49999999999998,0.02
2104.0,15.0,132.40000000000026,0.02
2105.0,11.0,94.70000000000006,0.02
2106.0,6.0,47.39999999999997,0.02
2107.0,4.0,28.499999999999993,0.02
2108.0,10.0,86.30000000000007,0.02
2109.0,4.0,28.299999999999983,0.02
2110.0,8.0,68.19999999999999,0.02
2111.0,6.0,46.79999999999997,0.02
2112.0,10.0,86.10000000000005,0.02
2113.0,8.0,67.29999999999998,0.02
2114.0,10.0,85.70000000000007,0.02
2115.0,14.0,125.00000000000014,0.02
2116.0,6.0,47.899999999999984,0.02
2117.0,5.0,38.09999999999999,0.02
2118.0,11.0,92.80000000000018,0.02
2119.0,14.0,123.70000000000016,0.02
2120.0,6.0,48.19999999999998,0.02
2121.0,6.0,48.999999999999986,0.02
2122.0,14.0,124.70000000000016,0.02
2123.0,12.0,106.30000000000007,0.02
2124.0,4.0,28.799999999999997,0.02
2125.0,4.0,28.599999999999994,0.02
2126.0,5.0,38.099999999999994,0.02
2127.0,5.0,39.099999999999994,0.02
2128.0,14.0,124.40000000000015,0.02
2129.0,7.0,57.69999999999999,0.02
2130.0,12.0,104.10000000000012,0.02
2131.0,3.0,18.699999999999996,0.02
2132.0,5.0,38.999999999999986,0.02
2133.0,5.0,38.49999999999999,0.02
2134.0,5.0,38.89999999999999,0.02
2135.0,13.0,114.2000000000001,0.02
2136.0,8.0,67.10000000000004,0.02
2137.0,8.0,66.30000000000004,0.02
2138.0,8.0,66.60000000000005,0.02
2139.0,8.0,67.19999999999999,0.02
2140.0,14.0,125.20000000000007,0.02
2141.0,9.0,77.19999999999999,0.02
2142.0,5.0,37.99999999999998,0.02
2143.0,13.0,115.50000000000006,0.02
2144.0,6.0,48.09999999999998,0.02
2145.0,4.0,29.29999999999999,0.02
2146.0,10.0,85.20000000000007,0.02
2147.0,9.0,77.70000000000002,0.02
2148.0,3.0,19.1,0.02
2149.0,7.0,58.19999999999999,0.02
2150.0,14.0,125.60000000000011,0.02
2151.0,5.0,38.399999999999984,0.02
2152.0,4.0,28.899999999999984,0.02
2153.0,12.0,106.20000000000013,0.02
2154.0,11.0,94.20000000000013,0.02
2155.0,22.0,201.7000000000004,0.02
2156.0,6.0,47.199999999999974,0.02
2157.0,14.0,123.20000000000022,0.02
2158.0,4.0,28.89999999999999,0.02
2159.0,12.0,104.30000000000011,0.02
2160.0,16.0,143.00000000000023,0.02
2161.0,10.0,88.60000000000001,0.02
2162.0,12.0,106.10000000000008,0.02
2163.0,18.0,160.60000000000036,0.02
2164.0,9.0,77.70000000000005,0.02
2165.0,15.0,133.60000000000014,0.02
2166.0,13.0,114.6000000000002,0.02
2167.0,2.0,9.100000000000001,0.02
2168.0,13.0,114.4000000000002,0.02
2169.0,16.0,143.10000000000028,0.02
2170.0,5.0,38.19999999999998,0.02
2171.0,7.0,56.39999999999998,0.02
2172.0,15.0,134.6000000000002,0.02
2173.0,10.0,87.00000000000006,0.02
2174.0,12.0,105.40000000000012,0.02
2175.0,5.0,38.09999999999999,0.02
2176.0,10.0,84.40000000000015,0.02
2177.0,18.0,163.30000000000027,0.02
2178.0,5.0,37.699999999999974,0.02
2179.0,14.0,122.60000000000025,0.02
2180.0,7.0,58.19999999999999,0.02
2181.0,14.0,125.60000000000014,0.02
2182.0,12.0,104.7000000000001,0.02
2183.0,6.0,46.79999999999997,0.02
2184.0,14.0,124.8000000000001,0.02
2185.0,8.0,66.60000000000004,0.02
2186.0,11.0,94.40000000000008,0.02
2187.0,11.0,95.70000000000007,0.02
2188.0,10.0,86.10000000000004,0.02
2189.0,12.0,104.10000000000014,0.02
2190.0,10.0,85.60000000000007,0.02
2191.0,10.0,86.0000000000001,0.02
2192.0,10.0,84.40000000000009,0.02
2193.0,18.0,162.40000000000023,0.02
2194.0,8.0,67.8,0.02
2195.0,15.0,136.00000000000006,0.02
2196.0,12.0,104.90000000000009,0.02
2197.0,10.0,85.90000000000006,0.02
2198.0,2.0,8.799999999999997,0.02
2199.0,11.0,95.90000000000008,0.02
2200.0,7.0,57.599999999999994,0.02
2201.0,11.0,95.2000000000001,0.02
2202.0,10.0,87.40000000000006,0.02
2203.0,4.0,29.199999999999996,0.02
2204.0,13.0,114.7000000000001,0.02
2205.0,9.0,78.00000000000003,0.02
2206.0,20.0,182.80000000000027,0.02
2207.0,4.0,28.9,0.02
2208.0,14.0,124.40000000000015,0.02
2209.0,5.0,38.09999999999998,0.02
2210.0,6.0,47.99999999999998,0.02
2211.0,12.0,104.40000000000016,0.02
2212.0,6.0,47.299999999999976,0.02
2213.0,8.0,67.8,0.02
2214.0,3.0,18.799999999999997,0.02
2215.0,16.0,143.10000000000025,0.02
2216.0,12.0,105.90000000000012,0.02
2217.0,2.0,9.5,0.02
2218.0,7.0,58.19999999999999,0.02
2219.0,12.0,103.20000000000017,0.02
2220.0,13.0,115.00000000000011,0.02
2221.0,5.0,37.699999999999974,0.02
2222.0,11.0,96.30000000000007,0.02
2223.0,8.0,66.90000000000002,0.02
2224.0,15.0,133.20000000000016,0.02
2225.0,6.0,48.29999999999998,0.02
2226.0,2.0,8.79999999999999,0.02
2227.0,6.0,48.59999999999999,0.02
2228.0,13.0,115.50000000000011,0.02
2229.0,16.0,143.4000000000002,0.02
2230.0,7.0,58.49999999999997,0.02
2231.0,7.0,56.199999999999974,0.02
2232.0,15.0,134.60000000000016,0.02
2233.0,9.0,75.90000000000005,0.02
2234.0,13.0,116.4000000000001,0.02
2235.0,16.0,144.90000000000015,0.02
2236.0,7.0,58.400000000000006,0.02
2237.0,15.0,133.60000000000016,0.02
2238.0,15.0,132.3000000000002,0.02
2239.0,12.0,106.00000000000009,0.02
2240.0,5.0,38.399999999999984,0.02
2241.0,6.0,47.699999999999974,0.02
2242.0,10.0,86.50000000000001,0.02
2243.0,13.0,115.5000000000001,0.02
2244.0,9.0,76.6,0.02
2245.0,12.0,104.10000000000016,0.02
2246.0,12.0,106.50000000000006,0.02
2247.0,10.0,86.50000000000004,0.02
2248.0,21.0,189.30000000000044,0.02
2249.0,16.0,143.3000000000002,0.02
2250.0,10.0,86.50000000000006,0.02
2251.0,4.0,28.599999999999994,0.02
2252.0,10.0,84.8000000000001,0.02
2253.0,19.0,174.5000000000002,0.02
2254.0,13.0,114.20000000000016,0.02
2255.0,13.0,114.2000000000001,0.02
2256.0,12.0,106.30000000000001,0.02
2257.0,12.0,103.00000000000016,0.02
2258.0,11.0,94.40000000000006,0.02
2259.0,14.0,124.60000000000014,0.02
2260.0,17.0,150.80000000000018,0.02
2261.0,5.0,37.099999999999966,0.02
2262.0,11.0,95.7000000000001,0.02
2263.0,14.0,124.3000000000001,0.02
2264.0,14.0,125.40000000000009,0.02
2265.0,14.0,124.40000000000018,0.02
2266.0,12.0,106.40000000000009,0.02
2267.0,19.0,171.30000000000027,0.02
2268.0,8.0,67.80000000000001,0.02
2269.0,10.0,86.20000000000005,0.02
2270.0,12.0,105.50000000000009,0.02
2271.0,8.0,67.60000000000004,0.02
2272.0,14.0,125.30000000000013,0.02
2273.0,16.0,142.9000000000002,0.02
2274.0,8.0,67.19999999999999,0.02
2275.0,2.0,9.499999999999996,0.02
2276.0,5.0,37.29999999999997,0.02
2277.0,12.0,104.90000000000012,0.02
2278.0,11.0,96.60000000000002,0.02
2279.0,11.0,95.50000000000006,0.02
2280.0,11.0,96.10000000000001,0.02
2281.0,8.0,68.1,0.02
2282.0,6.0,47.39999999999997,0.02
2283.0,12.0,105.20000000000007,0.02
2284.0,15.0,134.3000000000002,0.02
2285.0,13.0,115.30000000000008,0.02
2286.0,8.0,66.49999999999997,0.02
2287.0,5.0,36.99999999999998,0.02
2288.0,12.0,105.60000000000011,0.02
2289.0,14.0,122.5000000000002,0.02
2290.0,12.0,105.00000000000011,0.02
2291.0,9.0,76.20000000000009,0.02
2292.0,13.0,113.50000000000016,0.02
2293.0,4.0,28.299999999999983,0.02
2294.0,8.0,65.7,0.02
2295.0,13.0,115.70000000000003,0.02
2296.0,10.0,86.70000000000005,0.02
2297.0,18.0,163.4000000000003,0.02
2298.0,16.0,142.9000000000003,0.02
2299.0,11.0,94.90000000000008,0.02
2300.0,13.0,114.30000000000008,0.02
2301.0,6.0,48.499999999999986,0.02
2302.0,19.0,171.0000000000003,0.02
2303.0,7.0,56.79999999999998,0.02
2304.0,2.0,9.7,0.02
2305.0,11.0,95.20000000000016,0.02
2306.0,12.0,104.90000000000012,0.02
2307.0,17.0,155.10000000000016,0.02
2308.0,11.0,95.00000000000003,0.02
2309.0,10.0,85.7000000000001,0.02
2310.0,13.0,116.10000000000008,0.02
2311.0,7.0,57.499999999999986,0.02
2312.0,16.0,144.30000000000015,0.02
2313.0,9.0,77.00000000000006,0.02
2314.0,16.0,144.90000000000012,0.02
2315.0,12.0,103.60000000000011,0.02
2316.0,2.0,9.8,0.02
2317.0,8.0,66.30000000000004,0.02
2318.0,10.0,85.00000000000009,0.02
2319.0,13.0,114.50000000000014,0.02
2320.0,8.0,67.59999999999998,0.02
2321.0,1.0,-0.1999999999999993,0.02
2322.0,14.0,124.10000000000014,0.02
2323.0,15.0,133.90000000000012,0.02
2324.0,13.0,114.50000000000021,0.02
2325.0,11.0,94.20000000000013,0.02
2326.0,16.0,143.50000000000023,0.02
2327.0,9.0,75.70000000000002,0.02
2328.0,11.0,95.40000000000003,0.02
2329.0,12.0,106.60000000000008,0.02
2330.0,12.0,104.00000000000016,0.02
2331.0,10.0,85.8000000000001,0.02
2332.0,11.0,94.60000000000016,0.02
2333.0,5.0,37.99999999999999,0.02
2334.0,8.0,67.10000000000001,0.02
2335.0,13.0,115.00000000000016,0.02
2336.0,9.0,76.80000000000004,0.02
2337.0,1.0,-0.9999999999999982,0.02
2338.0,7.0,57.99999999999997,0.02
2339.0,15.0,136.20000000000002,0.02
2340.0,13.0,114.60000000000011,0.02
2341.0,9.0,76.70000000000003,0.02
2342.0,13.0,115.40000000000018,0.02
2343.0,12.0,104.50000000000014,0.02
2344.0,3.0,18.499999999999993,0.02
2345.0,12.0,105.10000000000016,0.02
2346.0,9.0,77.4,0.02
2347.0,6.0,48.09999999999998,0.02
2348.0,10.0,85.70000000000009,0.02
2349.0,13.0,115.00000000000011,0.02
2350.0,5.0,37.79999999999998,0.02
2351.0,16.0,141.60000000000028,0.02
2352.0,13.0,115.00000000000014,0.02
2353.0,16.0,142.80000000000024,0.02
2354.0,14.0,125.20000000000019,0.02
2355.0,11.0,95.10000000000011,0.02
2356.0,6.0,47.699999999999974,0.02
2357.0,6.0,47.699999999999974,0.02
2358.0,3.0,19.299999999999997,0.02
2359.0,17.0,152.60000000000028,0.02
2360.0,9.0,76.20000000000005,0.02
2361.0,10.0,87.10000000000005,0.02
2362.0,15.0,133.80000000000024,0.02
2363.0,12.0,106.30000000000007,0.02
2364.0,11.0,95.50000000000006,0.02
2365.0,10.0,86.40000000000006,0.02
2366.0,9.0,75.40000000000006,0.02
2367.0,9.0,76.70000000000002,0.02
2368.0,7.0,57.39999999999998,0.02
2369.0,12.0,105.40000000000012,0.02
2370.0,7.0,57.599999999999994,0.02
2371.0,5.0,38.09999999999998,0.02
2372.0,9.0,76.30000000000001,0.02
2373.0,10.0,86.40000000000009,0.02
2374.0,15.0,133.60000000000016,0.02
2375.0,10.0,84.40000000000009,0.02
2376.0,0.0,-10.4,0.02
2377.0,14.0,124.50000000000014,0.02
2378.0,18.0,163.0000000000002,0.02
2379.0,2.0,8.800000000000004,0.02
2380.0,16.0,142.40000000000026,0.02
2381.0,15.0,134.6000000000002,0.02
2382.0,13.0,114.60000000000014,0.02
2383.0,13.0,115.90000000000006,0.02
2384.0,14.0,122.40000000000023,0.02
2385.0,12.0,104.90000000000015,0.02
2386.0,17.0,153.50000000000017,0.02
2387.0,9.0,77.50000000000003,0.02
2388.0,11.0,93.60000000000015,0.02
2389.0,12.0,103.10000000000022,0.02
2390.0,15.0,132.30000000000024,0.02
2391.0,6.0,47.99999999999998,0.02
2392.0,10.0,86.40000000000003,0.02
2393.0,10.0,86.20000000000005,0.02
2394.0,16.0,144.3000000000002,0.02
2395.0,6.0,48.29999999999999,0.02
2396.0,13.0,114.50000000000009,0.02
2397.0,17.0,154.3000000000002,0.02
2398.0,14.0,125.7000000000001,0.02
2399.0,11.0,96.00000000000009,0.02
2400.0,16.0,143.10000000000016,0.02
2401.0,3.0,18.599999999999998,0.02
2402.0,10.0,86.20000000000002,0.02
2403.0,10.0,85.70000000000002,0.02
2404.0,10.0,87.60000000000005,0.02
2405.0,10.0,87.0000000000001,0.02
2406.0,8.0,67.19999999999999,0.02
2407.0,13.0,115.70000000000007,0.02
2408.0,10.0,85.10000000000008,0.02
2409.0,10.0,86.30000000000001,0.02
2410.0,11.0,95.00000000000016,0.02
2411.0,11.0,95.30000000000007,0.02
2412.0,9.0,77.30000000000004,0.02
2413.0,8.0,68.1,0.02
2414.0,9.0,77.8,0.02
2415.0,6.0,47.999999999999986,0.02
2416.0,13.0,114.8000000000001,0.02
2417.0,11.0,95.80000000000013,0.02
2418.0,5.0,38.499999999999986,0.02
2419.0,9.0,76.30000000000004,0.02
2420.0,8.0,67.50000000000003,0.02
2421.0,8.0,66.60000000000002,0.02
2422.0,20.0,180.5000000000004,0.02
2423.0,18.0,162.20000000000027,0.02
2424.0,17.0,151.50000000000028,0.02
2425.0,6.0,48.09999999999998,0.02
2426.0,13.0,114.60000000000014,0.02
2427.0,12.0,105.90000000000006,0.02
2428.0,10.0,85.0000000000001,0.02
2429.0,13.0,114.50000000000009,0.02
2430.0,10.0,86.30000000000001,0.02
2431.0,14.0,122.80000000000021,0.02
2432.0,17.0,153.2000000000003,0.02
2433.0,13.0,113.20000000000022,0.02
2434.0,13.0,115.20000000000007,0.02
2435.0,16.0,140.90000000000035,0.02
2436.0,18.0,162.60000000000028,0.02
2437.0,9.0,76.40000000000006,0.02
2438.0,9.0,77.60000000000004,0.02
2439.0,20.0,182.3000000000002,0.02
2440.0,10.0,87.30000000000004,0.02
2441.0,14.0,124.60000000000014,0.02
2442.0,18.0,163.90000000000018,0.02
2443.0,10.0,86.20000000000003,0.02
2444.0,4.0,28.599999999999987,0.02
2445.0,4.0,28.099999999999987,0.02
2446.0,12.0,105.10000000000008,0.02
2447.0,12.0,106.00000000000009,0.02
2448.0,12.0,105.8000000000001,0.02
2449.0,6.0,47.89999999999998,0.02
2450.0,14.0,123.70000000000019,0.02
2451.0,4.0,28.39999999999999,0.02
2452.0,2.0,9.700000000000003,0.02
2453.0,3.0,18.9,0.02
2454.0,10.0,87.0,0.02
2455.0,10.0,85.30000000000003,0.02
2456.0,10.0,86.90000000000005,0.02
2457.0,5.0,37.59999999999999,0.02
2458.0,3.0,18.9,0.02
2459.0,19.0,171.60000000000028,0.02
2460.0,15.0,134.00000000000014,0.02
2461.0,12.0,106.70000000000005,0.02
2462.0,10.0,86.00000000000007,0.02
2463.0,9.0,76.40000000000003,0.02
2464.0,10.0,85.20000000000007,0.02
2465.0,23.0,211.10000000000042,0.02
2466.0,6.0,47.799999999999976,0.02
2467.0,12.0,105.10000000000008,0.02
2468.0,12.0,106.50000000000006,0.02
2469.0,10.0,86.20000000000005,0.02
2470.0,5.0,38.69999999999999,0.02
2471.0,12.0,105.50000000000011,0.02
2472.0,4.0,28.39999999999999,0.02
2473.0,14.0,123.40000000000026,0.02
2474.0,3.0,19.6,0.02
2475.0,18.0,162.8000000000002,0.02
2476.0,8.0,67.2,0.02
2477.0,24.0,222.20000000000036,0.02
2478.0,12.0,104.50000000000017,0.02
2479.0,8.0,65.99999999999999,0.02
2480.0,12.0,106.10000000000008,0.02
2481.0,15.0,133.50000000000017,0.02
2482.0,13.0,115.60000000000014,0.02
2483.0,1.0,-0.3000000000000007,0.02
2484.0,0.0,-10.4,0.02
2485.0,15.0,133.90000000000015,0.02
2486.0,10.0,85.70000000000012,0.02
2487.0,13.0,116.70000000000003,0.02
2488.0,11.0,91.50000000000021,0.02
2489.0,10.0,85.70000000000006,0.02
2490.0,14.0,123.90000000000015,0.02
2491.0,10.0,84.10000000000011,0.02
2492.0,11.0,93.70000000000016,0.02
2493.0,5.0,38.89999999999999,0.02
2494.0,17.0,150.9000000000003,0.02
2495.0,3.0,19.199999999999992,0.02
2496.0,2.0,9.600000000000001,0.02
2497.0,8.0,67.3,0.02
2498.0,12.0,106.90000000000006,0.02
2499.0,3.0,19.700000000000003,0.02
2500.0,12.0,104.3000000000002,0.02
